STOCK_ID,TITLE,ID,LINK,AUTHOR,CONTENT,TIME,MESSAGE_ALL,BOO,PUSH,MESSAGE_COUNT,NEUTRAL,TAG
3483,Re: [標的] 3483 力致 盤整突破多多,M.1706854413.A.426,https://www.ptt.cc/bbs/Stock/M.1706854413.A.426.html,kace111512,"作者kace111512 (SeeSawFRee)看板Stock標題Re: [標的] 3483 力致 盤整突破多多時間Fri Feb  2 14:13:31 2024
力致近期已經清倉
短線漲幅已達到目標+主要還是上漲動能疲乏，正如大家所說這檔很洗，表現不如預期，
期間確實滿想轉投其他散熱股，但近期才重回股市戰場，比較保守觀望。

另外，想挑戰前高噴出的朋友，還是可以耐心等待，因為目前也算是突破165.5～166 附
近的壓力區表態 。

但同散熱族群這檔最弱
3017 3327已經噴過前高，隱憂是散熱族群如果漲幅過高回檔，力致我看也很難置身事外
。


https://i.imgur.com/N79LTbW.jpg

==================

目前已轉投3231 緯創，今天動能強勁，我相信禮拜一應該就能過120

而過年後的勝率，以歷史的角度幾乎都是資金回流，拉抬股價居多。

之後有機會再發標的分享。

https://i.imgur.com/ZTM5nDs.jpg

--
※ 發信站: 批踢踢實業坊(ptt.cc), 來自: 219.71.183.12 (臺灣)
※ 文章網址: https://www.ptt.cc/bbs/Stock/M.1706854413.A.426.html
※ 編輯: kace111512 (219.71.183.12 臺灣), 02/02/2024 14:14:16
推 tttt0204    : 追蹤給推02/02 14:14
→ blue1204    : 力致真的爛，盤中一度上攻還跌回去，真的可撥02/02 14:14
→ chewei74    : 上一篇不是還說長期投資zzz… 02/02 14:15
→ chewei74    : 結果也是抱不住02/02 14:16
文中已經提到下車理由，何必跟股票談戀愛，與預估不符本該修正。
※ 編輯: kace111512 (219.71.183.12 臺灣), 02/02/2024 14:20:38
推 team1245    : 跟單推 171賣了02/02 14:19
推 tomdavis    : 老蘇今天才說要買XD02/02 14:19
推 iamjojo     : 力致真的沒有愛02/02 14:19
盤中拉高就出貨真的見怪不怪，10點後幾乎都在出貨，收上影線居多，違背強勢股的概念
。
推 Aska0520    : 推推02/02 14:20
※ 編輯: kace111512 (219.71.183.12 臺灣), 02/02/2024 14:23:35
→ z7956234    : 120以上的緯創是要減碼的02/02 14:22
→ chewei74    : 力致沒有ai 等q2新廠02/02 14:24
推 WADE0616    : 奇鋐500以下都便宜 越南廠要貢獻出來了02/02 14:24
→ WADE0616    : 奇鋐 建策 都賺20多塊 會比價上去 健策1000打天花板02/02 14:25
推 TameFoxx    : 散熱長線只能買奇鋐阿 AI主流都用3D VC02/02 14:29
→ ms0663763   : 奇鋐剛出完 剛好還在想要不要轉進這支02/02 14:32
推 TameFoxx    : 出貨躲族群回檔是正確的吧02/02 14:33
→ TameFoxx    : 開放式水冷在證明穩定性之前都很難放量02/02 14:34
→ TameFoxx    : 我猜年底B100可能會因為散熱因素而不被買單02/02 14:34
推 EDhsiao     : 其實最弱的是建準，它才剛補漲上去 02/02 14:48
推 bigbaixiong : 散熱最弱是一詮 不過也非純散熱 02/02 14:49
推 CA7KL42     : 這檔股性超鳥 02/02 14:50
推 scum5566    : 股本比它大的都漲9%，這檔只有漲4.8% 爛爆 02/02 14:51
→ tigerzz3    : 買最強的奇鋐就好02/02 15:03
股市聖經：強者恆強，別相信來路不明的補漲行情。
推 james56733  : 我今天出掉奇鋐才進場這檔02/02 15:03
→ james56733  : 奇鋐短線應該漲多盤整換雙鴻表現了 02/02 15:04
※ 編輯: kace111512 (219.71.183.12 臺灣), 02/02/2024 15:06:12
推 stupidboyu  : 你會贏 等三隻大的盤整就換小的噴了 屢試不爽 02/02 15:09
推 f6312467    : 等老蘇進去買 主力倒給老蘇 02/02 15:27
推 jerrythebest: 與預估不符就是不準吧 02/02 15:34
→ weiike      : 力致主力好弱 02/02 15:35
推 jerrythebest: 2個月也談太久戀愛了吧，緯創都漲了2根 02/02 15:36
推 DR1KI2      : 寧願買強的 也不要買股性爛的 02/02 15:37
推 colinham    : 今天175賣了，謝謝原Po 02/02 16:04
",Fri Feb  2 14:13:31 2024,31,0,19,19,12,Re標的
6789,[標的] 6789采鈺,M.1706854985.A.CDD,https://www.ptt.cc/bbs/Stock/M.1706854985.A.CDD.html,WADE0616,"作者WADE0616 (哇)看板Stock標題[標的] 6789采鈺時間Fri Feb  2 14:23:01 2024

1. 標的： 6789采鈺

2. 分類：多

3. 分析/正文：

基本面:媽媽台積電+CMOS影像感測器漲價+產能利用率回升
2023已是底部了 就看看過年回來2/21法說會怎麼說

技術面:
https://imgur.com/JDomjst.png 年K:2023打底出量 2024會是初升段

https://imgur.com/73h2fl2.png 反彈至壓力約在360-400這區間

https://imgur.com/F8Wriu4.png 量都在下面 上面基本上是沒量=輕鬆過

今天一個跳空 突破盤整

https://imgur.com/Qr8ApxF.png

我最愛的費波納契滿足點:

https://imgur.com/uFcuymk.png

連挪威人都進來買了

https://imgur.com/BJlwIW3.png


等市場來炒吧~~~



4. 進退場機制：

進場:隨意 300以下更好

退場36X-42X-45X 看個人資金運用而定

停損:不停損


--
※ 發信站: 批踢踢實業坊(ptt.cc), 來自: 111.82.161.1 (臺灣)
※ 文章網址: https://www.ptt.cc/bbs/Stock/M.1706854985.A.CDD.html
推 photonic    : 首推? 02/02 14:24
推 kmshy       : 高手ID必推 祝發財賺爛 02/02 14:26
推 Scorpio777  : 高手ID必推  文曄賺爛! 02/02 14:28
推 autherlike  : 打個杯底 02/02 14:29
推 y3659836    : 這哀低超強！ 02/02 14:32
推 fuhoho      : 感謝分享！加入口袋名單 02/02 14:32
推 rexjian0408 : 推推 在車上 02/02 14:32
推 photonic    : 2345 6789 都是飆股 02/02 14:32
推 yuju2083    : 車上推 高手發文了 明天加碼 02/02 14:32
推 gtoselina   : 跟你一張 02/02 14:34
推 moike22     : 看到費伯納契就知道是個高手 02/02 14:34
推 TaoYuanming : 2345 6789已經在車上很久了 02/02 14:34
→ TaoYuanming : 讚讚讚～ 02/02 14:34
推 lusifa2007  : 推 小資買不起 02/02 14:34
推 nicklo      : 好像很讚! 02/02 14:36
→ tmdl        : 黑松表示: 02/02 14:36
推 bleach06bb  : 先買3374 02/02 14:37
推 ipath19     : 沒錢純推 02/02 14:37
推 TaoYuanming : 之前198買的很開心 期望最少400！ 02/02 14:38
推 One102bird  : 文曄有猛 02/02 14:38
推 CDIAMOND    : 感謝分享 02/02 14:39
→ TaoYuanming : 3374也在車上等發車～ 02/02 14:39
推 jasontake   : 之前回測270不敢買就噴了 02/02 14:41
推 changwl001  : 跟 02/02 14:42
→ transfight  : QQ 老手吼！但這隻貴貴的.... 02/02 14:42
推 st06666     : 高手ID 02/02 14:43
推 iversonya   : 推wade 02/02 14:46
推 XXXXXXXXXL  : 線仙 推一個 02/02 14:51
推 UchihaKawhi : 在車上 02/02 14:51
推 pearcis     : 等量縮拉回五日線再買 02/02 14:54
推 ghytrfvbnmju: 小資買不起QQ 02/02 15:00
推 youbo0627   : 推推 已在車上  基本面的故事也不錯 02/02 15:01
→ poru        : 靜待豪威，新力漲價 02/02 15:03
推 DwyaneAndy  : 高手ID 02/02 15:03
推 bear2008    : 感謝 02/02 15:05
推 Enzofulgura : 推 期待行情啟動 02/02 15:05
→ poru        : 220-324初升段.靜待主升段啟動.相關的晶相光已噴 02/02 15:06
→ Xenia1050   : 推 02/02 15:07
推 littenVenus : 推 02/02 15:07
推 aagain      : 乾 被洗掉了 02/02 15:08
→ littenVenus : 好想跟OwO 02/02 15:08
推 waynepal    : 開盤先跟一張再說 02/02 15:10
推 makjk114122 : 車上推 02/02 15:10
→ andy87115   : 今天開盤也買了  技術面買進  突破大量集結區 02/02 15:11
→ andy87115   : https://i.imgur.com/XBXDVfn.jpg 02/02 15:12
推 s102061272  : 在車上 推 02/02 15:13
推 chehsien    : 成本280 推 02/02 15:15
推 tttt0204    : 高手 推一個 02/02 15:22
→ frankie30432: 這檔很好做 財閥家的二兒子 02/02 15:24
推 cjo76223    : 不錯 我是買大象光 02/02 15:25
→ andy87115   : https://i.imgur.com/PHLkq5s.jpg 02/02 15:26
→ andy87115   : 這檔我覺得不好做 前面那波拉抬根本跟不到 02/02 15:26
推 wald5566    : 明天買進 02/02 15:29
→ fatb        : 不用這麼急吧 雖然這檔真的跌就是送分題 02/02 15:32
推 Gindaco     : 先推再買 02/02 15:37
推 tyl017      : 推 持有兩張在車上 也看好後續漲勢 02/02 15:39
→ justenvoy   : 明天有開盤？ 02/02 15:39
推 Scorpio777  : 下週一請早 02/02 15:43
推 mabobo      : 下週可以買零股 02/02 15:48
推 lweis       : 跑去玩華城 原來這檔上去了 02/02 15:54
推 stosto      : 先懂他在做什麼吧…. 02/02 15:55
推 fujioqq     : 我這幾天在閒聊文有講 只是沒人理我 嗚嗚 02/02 15:55
→ stosto      : 這檔在做的東西明明歹丸獨佔，沒有競爭對手 02/02 15:56
→ stosto      : 然後又是apple相關供應鏈 02/02 15:57
→ stosto      : 也是vision 相關概念股 又是Sony概念股 02/02 15:57
→ stosto      : 一堆人去年200-230都佈局了 02/02 15:57
→ andy87115   : 這支就是在等修正與季線的距離就可以切入了 02/02 16:01
推 zxcv91039   : gg子弟兵 下有撐上無限 02/02 16:05
",Fri Feb  2 14:23:01 2024,68,0,48,48,20,標的
0,[標的] 台指 黑手笑臉 新春紅盤多,M.1706836255.A.4DB,https://www.ptt.cc/bbs/Stock/M.1706836255.A.4DB.html,hotmia,"作者hotmia (等待著一種熱情)看板Stock標題[標的] 台指 黑手笑臉 新春紅盤多時間Fri Feb  2 09:10:53 2024
-------------------------------------------------------------------------
1.發標的文未充實內文，多空理由不充實者，板規1-1-5或4-4處份
2.進退場機制若非長期投資，請輸入停損價，否則依板規1-1-6處份
3.請依格式輸入內容，未依格式者板規1-1-2砍文處份。

標題請使用以下格式：股號.市場碼+股名+分類 (市場碼：TW US HK CN JP KR...)
                 ex [標的] 2330.TW 台積電 長期不停損多
                 ex [標的] TSLA.US 特斯拉 馬斯克火星多

---------------------按ctrl+y 可刪除以上內容。----------------------------

1. 標的：     台指期 (例 2330.TW 台積電)

2. 分類：多

3. 分析/正文：
   新春紅盤上漲機率高達七成這不用多說了
   CPI一旦見2那降息機率更是爆增
   但以上都不重要
   今天一開盤就知道不但新春紅盤會開高，而且高的驚人
   因為黑手笑啦 ：））））
   https://i.imgur.com/5v7fHaN.jpeg
   這兩天隨時買，過完年睏霸數錢！


4. 進退場機制：(非長期投資者，必須有停損機制。討論、心得類免填)
   過年前買，過年後出，就是睏霸數錢

-----
Sent from MeowPtt on my iPhone


--
※ 發信站: 批踢踢實業坊(ptt.cc), 來自: 223.138.38.82 (臺灣)
※ 文章網址: https://www.ptt.cc/bbs/Stock/M.1706836255.A.4DB.html
→ northwater  : 藍燈買 紅燈賣 賺錢好簡單 02/02 09:17
噓 Zepho       : 黑手畫笑臉 笑你 02/02 09:21
推 nwoyao      : 笑啊～這不就崩了嗎 02/02 09:22
噓 KingChang711: 你怎麼看到笑臉的 02/02 09:23
推 bigbaixiong : ivl 02/02 09:29
→ sky22485816 : https://imgur.com/IlNIkF8 日盤收盤-封關收盤 02/02 09:38
→ sky22485816 : 我是不太看好啦.. 02/02 09:38
→ hotmia      : 雖然看不懂但AI仙說了各位還是別追的好 02/02 09:58
推 ethan0419   : 笑到你發寒 02/02 10:01
推 jokem       : 笑的你心裡發寒 02/02 10:13
→ sky22485816 : 我解釋一下 就是 我有統計新年首日日盤收盤-封關日 02/02 11:05
→ sky22485816 : 盤收盤 的價差，11年下來的期望值是+70點，但波動大 02/02 11:05
→ sky22485816 : 所以不太值得為了這點期望收益去承擔風險 02/02 11:06
推 morisontw   : 這是米國黑手喔 02/02 11:14
推 cmshow      : 好的通通獲利了結 02/02 12:00
→ cmshow      : https://i.imgur.com/DYGDUiS.png 02/02 12:00
→ hotmia      : 謝謝ai仙解釋 02/02 13:28
→ house911    : 台股黑手:我只會高賣低接  只有外豬會追高當韭菜 02/02 14:20
",Fri Feb  2 09:10:53 2024,18,2,6,4,10,標的
3543,Re: [標的] 3543 州巧 ,M.1706840947.A.5D1,https://www.ptt.cc/bbs/Stock/M.1706840947.A.5D1.html,JukeFF,"作者JukeFF (JukeFF)看板Stock標題Re: [標的] 3543 州巧 時間Fri Feb  2 10:29:05 2024
自己的文回一下
昨天漲停沒鎖住收9%
現在價格在3年前波段高點附近 今日持續出量上沖下洗
看到大哥新日興昨天漲停今天等等可能也要漲停情況下
期望帶著小老弟州巧一起飛QQ




※ 引述《JukeFF (JukeFF)》之銘言：
: 1. 標的：3543 州巧
: 2. 分類：多
: 3. 分析/正文：
: 主要業務做TFT-LCD沖壓零件的, 業務佔比6成光電/4成傢俱&醫療
: 去年Q2轉虧為盈, Q3毛利率創掛牌上市來新高
: 且與軸承廠新日興合資的越南廠已經開始投產, 法說上提到預計今年中開始獲利
: 州巧董座其一為新日興董事&總經理
: 新日興去年已開始起漲且看望今年營運, 州巧前陣子法說也看好今年營收成長雙位數以上
: 看不能能在新日興的光芒下吃點肉喝點湯
: 籌碼面上已有外資&某些分點陸續佈局, 千張大戶佔比也開始上升
: 目前股價26左右低於淨值31, 且1月K爆3年來大量, 看起來股價還有上升空間
: 4. 進退場機制：
: 目前股價回測10日線, 今日已進場10張
: 沿著10日/月線進場
: 停利短期看回到淨值上, 長期看過掛牌以來高點34.65
: 跌破25視情況停損

--
※ 發信站: 批踢踢實業坊(ptt.cc), 來自: 39.10.2.54 (臺灣)
※ 文章網址: https://www.ptt.cc/bbs/Stock/M.1706840947.A.5D1.html
→ clamperni   : 彥州+巧芯? 02/02 10:35
推 aika5512308 : 恭喜 02/02 10:38
推 fakelie     : 巧州巧州得第一！ 02/02 11:19
推 PeaceBoy    : 恭喜 02/02 11:25
推 kikinini    : 巧州巧州得第一 轉機股不錯 02/02 12:10
",Fri Feb  2 10:29:05 2024,5,0,4,4,1,Re標的
4138,[標的] 4138 曜亞 多,M.1706841402.A.683,https://www.ptt.cc/bbs/Stock/M.1706841402.A.683.html,Gambler5566,"作者Gambler5566 (賭徒)看板Stock標題[標的] 4138 曜亞 多時間Fri Feb  2 10:36:40 2024
1. 標的：4138. TW 曜亞
2. 分類：多
3. 分析/正文：
基本面：台灣醫美雷射設備廠，截至Q3，eps已達到5.16，11&12月營收為歷史新高及次高，
全年eps估計可達6.5元以上，以往公司配息都很大方，過陣子公布年報及股利政策，若配發
率沒有太大變動，以現在的價位來估算殖利率約有5.5~6%的水準。
技術面來看股價已整理約三個月，均線也即將糾結，就待放量攻擊。
4. 進退場機制：已進場100以下，停利抓約20% （120），破95停損。


--
※ 發信站: 批踢踢實業坊(ptt.cc), 來自: 101.10.64.45 (臺灣)
※ 文章網址: https://www.ptt.cc/bbs/Stock/M.1706841402.A.683.html
→ andy87115   : 停損20%不如不要買 投本比也太不划算 02/02 10:39
→ andy87115   : 看錯 哈哈 到我沒說 現在沒量 很無聊內... 02/02 10:40
推 x221x221    : 好嚴格 02/02 10:56
→ jerrylin    : 不用設到20%吧  90就很難跌破了 02/02 10:58
",Fri Feb  2 10:36:40 2024,4,0,1,1,3,標的
2330,"[標的] 2330 台積電 只怕你不買,不用怕買高!",M.1706801168.A.12F,https://www.ptt.cc/bbs/Stock/M.1706801168.A.12F.html,drwashing,"作者drwashing (散戶大媽)看板Stock標題[標的] 2330 台積電 只怕你不買,不用怕買高!時間Thu Feb  1 23:26:06 2024

1. 標的：     2330.TW 台積電

2. 分類：心得

3. 分析/正文：

   https://imgur.com/rrkX7XP
https://imgur.com/TAFEjzU

   大媽覺得想要賺多一點,就不要在那邊殺進殺出

   持有2330跌個1-2%就買個1~200股

   買高又如何,因為你一直都在買進,買了大跌就再買進成本只會越攤越低

   重點還是持有的張數還有未來該產業是在成長才是累積財富的關鍵

   有朋友583賣掉台積電跑去買家登和群聯這種飆股,結果目前算一算還不如不賣台積電

   買與賣是兩個變數,當把變數變成一個,只有買進,勝率才會拉高

   買股需要銀彈,銀彈主要來源還是得靠本業的累積,

   想靠買賣賺價差來賺大錢,一百個裡面有兩個會成功,然後出書跟你分享怎麼投資個股

   那些號稱在股市賺幾億的也沒幾個,而且也不一定是憑藉一己之力

   股市如果那麼好賺,還有一堆老師分享短進短出賺大錢的高人密技教學,

   該上的課都上了,怎麼還有散戶會賠錢呢?

   專注2330 , Buy and Hold 一招就夠用了~

4. 進退場機制：N/A


--
※ 發信站: 批踢踢實業坊(ptt.cc), 來自: 36.233.235.120 (臺灣)
※ 文章網址: https://www.ptt.cc/bbs/Stock/M.1706801168.A.12F.html
推 Piry        : 這想法不錯 02/01 23:30
推 tenghui     : 去年整年也是這樣買 然後湊滿整張還出借中XD 02/01 23:30
推 PPTer       : Hold 一輩子 02/01 23:31
推 warm0808    : 閉眼買ai 02/01 23:34
→ borry6299   : 台積電不是停損的，是攤平的 02/01 23:36
推 KSUGOD      : 300不買 02/01 23:37
→ drwashing   : 不是300不買,而是現在和未來都不一定買得到300喔~ 02/01 23:39
推 fly5566     : 679多單續抱 02/01 23:40
噓 BluffKing   : 有這種完全空洞論述的大媽進場差不多就該賣了 02/01 23:40
推 Ayasaki0916 : 樓上要賣快賣 02/01 23:42
→ borry6299   : 300有可能啊，對面射一顆不只300 02/01 23:44
→ borry6299   : 不可能啦，台積電繼續押寶台灣，全世界不會讓對面射 02/01 23:44
→ borry6299   : 啦 02/01 23:44
→ borry6299   : 放心持有吧 02/01 23:44
推 haunt11     : 銀彈vs飛彈 02/01 23:45
推 alphish     : 噴噴噴~賺錢就是這麼簡單 02/01 23:48
推 e8530s      : 這種買法任一檔都適用，就本多終勝，不用特別發文… 02/01 23:49
→ e8530s      : … 02/01 23:49
推 BPineApple  : 這樣老師們要賺什麼 02/01 23:50
→ drwashing   : e8530s 你要確定捏!救救2498~ 02/01 23:52
推 ganninian   : 對面射了你什麼都不用買了 02/01 23:52
推 deltarobot  : 賣完沒多久就噴了 02/01 23:57
→ twerk       : 對面喊了好幾十年 也射不出東西來 不用怕 02/01 23:59
→ youke569    : 剛好而已，不用想太多 02/01 23:59
推 wcs516      : 上看1000 02/02 00:01
噓 duncan0319  : 這樣賺太慢，不如連股版都別看 02/02 00:02
推 Enzofulgura : 推 一起存台積 02/02 00:02
噓 zombiepigman: 121 敗登基的時候也有很多類似的看法 02/02 00:04
推 Detonate    : 這種買法應該買正二報酬率會更高 02/02 00:06
推 jerrylin    : 台南josh表示  你說的沒錯 02/02 00:12
推 u8702116    : 你這邏輯跟買神盾沒有區別 02/02 00:17
推 joygo       : 這樣買真的不如正二我覺得，長期的話，台積問題不 02/02 00:20
→ joygo       : 是技術，漲跌被拿來控盤 02/02 00:20
推 a187        : 還以為買了20張 原來是2張= = 02/02 00:28
推 imsmalling95: 長期看好 ，年後必漲 02/02 00:46
→ jeabc2546   : 這模式買正二或指數，都比台積強欸 02/02 00:48
噓 Shepherd1987: 688套多久了, 廢半都破前高這支還在山腰 02/02 00:49
推 NomoreSeven : 觀念正確 02/02 00:52
→ ezreal1315  : 買完不用看盤 10年後再看發現財富自由 02/02 00:59
→ kimula01    : 今天尾盤到底誰在買 02/02 01:06
推 Eric0605    : 2張不少了吧 一堆人出張嘴我看也沒多少人超過2張 02/02 01:36
推 f12990702   : 這支太容易當控制大盤用漲跌 推同方法買其他標的 02/02 01:41
噓 KobeSickDog : 追 02/02 01:53
噓 AN94        : https://i.imgur.com/V9OsrOo.jpg 02/02 02:23
推 springman   : 有道理，不過我才剛賣到647，還是等607以下再買吧！ 02/02 04:42
→ mopigou     : 丸子 02/02 04:58
推 phage1807   : 那幹嘛不買0050就好 02/02 05:11
推 empirica    : 前年撿比較多，去年漲不少不好撿阿 02/02 05:53
推 SimleToMe   : 家登噴成這樣 買台積幹嘛 02/02 06:16
推 SimleToMe   : 抱上抱下安慰自己不賣賺最多？ 02/02 06:23
推 kanehhh     : 我是會選擇0050，GG做波段 02/02 07:05
推 JoyceTong   : 說得好，所以我現在改買00757 02/02 07:15
→ JoyceTong   : 全美股更會飆怎麼輸？ 02/02 07:16
→ Dia149      : 這麼想要佈局gg370早就佈局100張了吧 02/02 07:18
→ mildred19   : 688學長已經在山頂吹風吹2年了 吹得體溫都涼了 02/02 07:55
噓 LoveDonGin  : 你以為大家很有錢？ 02/02 08:04
推 EvilJustice : 無限鈴鼓！！！！ 02/02 08:17
推 BruceChen227: 買這隻不如買正二 同期買已經賺爛創新高 02/02 08:19
→ BruceChen227: 結果這隻還在地板躺 02/02 08:19
推 joewucool   : 正二buy and hold 02/02 08:30
推 AirLee      : 買正二要開融資，有的小散戶看到就不敢進了。 02/02 08:31
→ ajkofqq     : 高點到了嗎 02/02 08:38
噓 kisweet999  : buy and hold 會錯過很多次波段 02/02 08:40
→ herculus6502: 年底破千 不要不信 02/02 09:01
推 madbele     : 如果怕對岸射過來就不應該投資台股然後辦理移民， 02/02 09:16
→ madbele     : 畢竟打過來生命都沒了... 02/02 09:16
推 Derricklin21: 地緣風險論真的無言，這麼怕你應該先移民 02/02 09:46
推 justfordream: GG 有時候會爆衝…… 02/02 09:54
→ kimula01    : 我猜到2月底就開始躺平一年 02/02 10:00
推 SimleToMe   : 已經在躺了 02/02 11:13
→ biojo       : 差不多買法 我是買正二啦 02/02 11:14
推 worshipyou  : 說地緣風險的，台股全部不能買+你要先移民 02/02 11:37
→ jash        : 這篇發在這個價位 只能說 長期雖然會賺 但你看別人 02/02 11:42
→ jash        : 暴賺的時候 是不是心癢癢 02/02 11:42
推 weiyudanbing: 吸毒仔會出來在拍一集 02/02 13:39
",Thu Feb  1 23:26:06 2024,75,8,41,33,26,標的
6276,[標的] 安鈦克 6276 多,M.1706847954.A.AE4,https://www.ptt.cc/bbs/Stock/M.1706847954.A.AE4.html,EVGA1,"作者EVGA1 (E大哥)看板Stock標題[標的] 安鈦克 6276 多時間Fri Feb  2 12:25:52 2024

1. 標的：      (例 2330.TW 台積電)
安鈦克 6276
2. 分類：多/空/討論/心得
多
3. 分析/正文：
安鈦克主要產品自有品牌 Antec PC機殼
主通路亞洲6成 歐美3成
去年上市的高階機殼 一上市就在賣到斷貨
負債比低加上現金部位高
公司時常減資退現金拉高股東權益報酬率
近幾年還跨領域代工電源供應器

安鈦克的十大優勢：

1.Performance 1 不像去年是從Q3開始銷售，今年可以銷售：業績和獲利當然更好
！
22.Performance 1 也帶動其他中低階機種銷售量成長：中低階機種陸續在Amazon從原本
十名外從十一月起銷售排進前三名！
3.從原本的電競市場擴充到非電競市場。
4.新品不斷推出：機殼和電源新產品陸續推出了。
5.AI PC的大成長帶動電腦機殼需求的大成長。
6.安鈦克平均毛利高達30 %是宏碁的三倍。
7.安鈦克Performance 1不僅拿到紅點設計獎，銷售比其他有拿到紅點設計獎的機殼賣得
多好幾倍！
8.股本只有2.2億，獲利暴衝的機會更大，當然也會帶動股價的暴衝。
9.自有品牌廠商獲利幾乎可以全拿來配息，不需要像代工廠有保留盈餘做擴廠的考量！
10.安鈦克是「電腦機殼的自有品牌廠」，不是像勤誠、迎廣、營邦屬於「伺服器機殼代
工廠」，自有品牌的安鈦克在業績與獲利受新產品帶動下爆發力更強，不像代工廠會需要
彼此殺價搶訂單！

安鈦克配息約4.5元
投資報酬率夠不夠好算算配息
投資報酬率越高的股票
當然股價就可以漲越高囉！
還有公司有CPU液冷氣冷技術
散熱題材新聞還沒有被提到
機殼本益比在15-20倍
晟銘電3013 35本益比
安鈦克6276 18不到
加上自有品牌獲利更佳
現在股價綠盤
我認為還是相當便宜
4. 進退場機制：(非長期投資者，必須有停損機制。討論、心得類免填)

停利：9開頭分批出場
停損：跌破80

--
※ 發信站: 批踢踢實業坊(ptt.cc), 來自: 101.137.205.35 (臺灣)
※ 文章網址: https://www.ptt.cc/bbs/Stock/M.1706847954.A.AE4.html
→ blue1204    : 很難玩，這隻都洗來洗去 02/02 12:28
推 Qsam        : 同學會概念骨 02/02 12:34
推 ginwer      : 貴 02/02 12:36
推 cjo76223    : 每天燈號不一樣 02/02 12:38
推 ALIENKUO    : 推 02/02 12:41
→ TsmcEE      : 減資前玩過，現在看起來在打底 02/02 12:42
推 kiraj       : m大4你？ 02/02 12:43
推 forbefor    : 與同學會的推薦文章似曾相似 02/02 12:43
推 ctes940008  : 可惜聯力沒上市，不然應該飛天了。 02/02 12:50
推 gtaped05550 : 金庸推了 02/02 12:56
推 moike22     : 超洗 02/02 12:59
推 narutotim   : 金庸爸爸 02/02 13:03
推 DTO2017     : 上車 02/02 13:04
推 DTO2017     : 直接一根，ptt法人好猛 02/02 13:06
推 fegat       : 直接拉一根 真的是ptt買的？ 02/02 13:12
推 iansuture   : 獨愛聯立 都是其他 02/02 13:22
推 HERJORDAN   : 應該不是ptt，是金庸影響吧，金庸昨天發文之後也是 02/02 13:23
→ HERJORDAN   : 拉一根 02/02 13:23
推 joeboy      : 拉一根 在下來一根 02/02 13:24
推 ayai555     : 等下來一根再買 02/02 13:27
推 Scorpio777  : 怎麼金庸也在喊== 02/02 13:29
推 KSUGOD      : 同學會一個自稱主力的 拉到破百 留著洗碗 02/02 13:29
推 rrroooqqq   : 漲不少了耶，要追的自己小心囉 02/02 13:41
→ joeboy      : 同學會那個主力超好笑 02/02 13:47
推 goodfox     : 同學會主力一直要進實驗室 02/02 14:13
推 tonydaby21  : 又要被M大割草了 02/02 14:17
噓 davidaustin : 要玩得小心，他營收預計很好結果超爛 02/02 14:23
→ kadasaki    : 這不是同學會八點檔 M大的股票嗎 02/02 14:43
→ kadasaki    : 他攻擊的 晶相光跟力特比安鈦克還噴 02/02 14:43
推 CheesePotato: 下一篇 久陽 02/02 15:14
",Fri Feb  2 12:25:52 2024,30,1,23,22,6,標的
0,[標的] RACE.NYSE 法拉利 世界冠軍多,M.1706802772.A.18C,https://www.ptt.cc/bbs/Stock/M.1706802772.A.18C.html,andy30093,"作者andy30093 (Andy)看板Stock標題[標的] RACE.NYSE 法拉利 世界冠軍多時間Thu Feb  1 23:52:50 2024
1. 標的： RACE.NYSE Ferrari 法拉利

2. 分類：多/討論/

3. 分析/正文：

突發消息，7次世界冠軍路易斯 漢彌頓。預計於今年合約結束後離開長期效力的賓士。

乳摸表示99%要披上紅衣。就像Vettel所說，你終究是法拉利粉絲的。

https://imgur.com/DdUAPV8

目前上漲10%中

https://imgur.com/d4DO9Lm

世界冠軍 X 法拉利 how to lose?

四四十六世界冠軍

4. 進退場機制：至少漢彌頓八冠

--
※ 發信站: 批踢踢實業坊(ptt.cc), 來自: 220.132.177.122 (臺灣)
※ 文章網址: https://www.ptt.cc/bbs/Stock/M.1706802772.A.18C.html
推 a26893997   : 有一天 一定要買一台！！ 02/01 23:56
→ twerk       : 太老了 紅軍的未來屬於leclerc 02/01 23:56
→ Enzofulgura : 買不起法拉利 但是RACE一股一萬台票買得起 02/02 00:03
※ 編輯: andy30093 (220.132.177.122 臺灣), 02/02/2024 00:04:22
→ stkoso      : 紅軍制服組不會讓你失望 02/02 00:16
→ andy30093   : 策略組這幾年也沒讓人失望的一直出包 02/02 00:39
推 gn01660293  : 美股有沒有保時捷可以嗎 02/02 00:40
→ gn01660293  : 89愛車 02/02 00:40
→ adngg579    : 永遠展望下一季的法拉利 02/02 00:42
→ andy30093   : POAHY ADR保時捷控股 02/02 00:51
推 lee255215   : 讚啦 改規後賓士車調的爛到出汁 02/02 01:16
推 jerryz2005  : 本能寺的厲害 02/02 01:20
推 HotHot      : 要自己兼任策略組嗎 02/02 01:37
→ andy30093   : HAM: it’s Hammer time! 02/02 01:58
→ andy30093   : 法拉利工程師 02/02 01:58
→ andy30093   : https://imgur.com/sAQz7Kd 02/02 01:58
推 ntnuljg     : 買一台支持一下 02/02 02:47
推 ctes940008  : 紅軍=敵人在本能寺 02/02 02:54
推 a3300689    : box box自己喊 02/02 03:30
→ CruiseTom   : 要明年 02/02 07:39
推 littlesss   : 老漢 02/02 07:56
推 ShaNe1993   : 確實 一輩子都要開一次法拉利 02/02 08:13
推 rtfgyrtfgy  : 寧願在法拉利上哭泣，也不在賓士上….也在哭？ 02/02 11:42
",Thu Feb  1 23:52:50 2024,22,0,11,11,11,標的
2066,Re: [標的] 2066.TW 世德 世德船長多,M.1706849126.A.60B,https://www.ptt.cc/bbs/Stock/M.1706849126.A.60B.html,wulowgunself,"作者wulowgunself (五樓的部分)看板Stock標題Re: [標的] 2066.TW 世德 世德船長多時間Fri Feb  2 12:45:24 2024
回復一下自己的文

今天一舉突破月線、季線站上90，而且也開始出量
如果站得穩有機會往上挑戰去年11月底的96元
不過董事長1月時表示美國汽車庫存是之前的3倍，說不定會有庫存壓力
 https://i.imgur.com/YAarHJN.jpg
但這個價位抱著配也是舒服～續抱看戲



-—————————
: 1. 標的：2066.TW 世德      (例 2330.TW 台積電)
: 2. 分類：多
: 3. 分析/正文：
: Q1-3 eps6.24 毛利率這幾季都有維持在32%以上
: 不過Q4的業績看起來就還行 應該保底全年有8
: 被套還有至少4元都股利可以領
: 另外根據新聞報導子公司在美國投資4.6億台幣
: 訂單能見度看到今年Q2 投顧預期今年業績成長15-20%
: https://reurl.cc/VN8R0b
: 以現在80幾的股價應該算不貴
: 唯一的問題就是量真的少少少少
: 一定要特別注意
: 不過放長期我覺得現在進場勝率應該還行
: 小買一張試試看
: https://i.imgur.com/TDYqhiW.jpg
: 4. 進退場機制：慢慢放 放到百元以上再考慮出(非長期投資者，必須有停損機制。討論、
?
: 類免填)

--
※ 發信站: 批踢踢實業坊(ptt.cc), 來自: 1.200.163.82 (臺灣)
※ 文章網址: https://www.ptt.cc/bbs/Stock/M.1706849126.A.60B.html
推 sam188321   : 跟 02/02 13:16
推 ling07      : 不錯 02/02 13:17
",Fri Feb  2 12:45:24 2024,2,0,2,2,0,Re標的
0,[標的] 道瓊 強弩之末空,M.1706807290.A.46B,https://www.ptt.cc/bbs/Stock/M.1706807290.A.46B.html,vikingman,"作者vikingman (圍巾人)看板Stock標題[標的] 道瓊 強弩之末空時間Fri Feb  2 01:08:08 2024

標的：道瓊指數
分類：空
分析/正文：
1.中國市場、整體經濟很差，鎖國搞外資不爽紛紛烙跑。資金、工廠外移。
2.中國人民財富追逐房地產，但房產反轉向下，錢都被卡死割韭菜。股票也是。
3.以上游製造的台積電來看，外資拉台積出其他股票。就是一個掩人耳目的動作。
4.技術線型來看已經差不多到頂，再漲都是給你空的。
5.同之前文章所說，23Q4-24Q1通膨再起，不可能降息，反而Q2有可能再昇一點，希望破
滅時就是崩盤之時。

上面的大家應該看過，因為很重要我再寫一次
中國那麼大的市場崩崩 消費差什麼都差
這就叫蝴蝶效應
政府救市  啪 沒了！

進退場機制：38333進場，預計37200-37400停利。停損看狀況。

 https://i.imgur.com/DvIxTpj.jpg
----
Sent from BePTT on my iPhone 12

--
※ 發信站: 批踢踢實業坊(ptt.cc), 來自: 1.34.156.45 (臺灣)
※ 文章網址: https://www.ptt.cc/bbs/Stock/M.1706807290.A.46B.html
推 chengking   : 突然一根昇龍拳 02/02 01:11
推 mingloveshan: 你被嘎死了吧 02/02 01:15
推 strlen      : 中國經濟差 然後通膨會再起 嗯 好喔 你說的都對 02/02 01:17
推 edcs        : 笑死，空中直接如來神掌巴下來 02/02 01:17
推 zxcv91039   : 中國在強力幫打通膨不是嗎 02/02 01:18
→ anleyou     : 中國經濟差 為什麼不是放空上證或是恆生 02/02 01:18
推 EvilJustice : 你認真，空道瓊？ 02/02 01:19
推 breadevil   : 安心上路 02/02 01:25
推 co80040814  : 還好啦微型道瓊 02/02 01:31
推 Lenon4561   : 安心上路 02/02 01:31
噓 mingloveshan: 來人上香 02/02 01:33
推 junm564     : 錢太多可以捐給有需要的人^^ 02/02 01:41
推 khlin1016   : 還要做頭吧 02/02 01:51
推 kenmylife   : 哇，上面推文一片樂觀誒 02/02 01:56
推 prtscscroll : 還真的跟費半 強弩之末的空那篇是同一個人寫的 看空 02/02 01:58
→ prtscscroll : 中國空美股 02/02 01:58
推 hotking     : 我也空，被嘎中QQ 02/02 02:05
推 qwe78971    : 中國差 放空美股 什麼高手操作 02/02 02:09
推 c7683fh6    : 看空中國 空道瓊？？？ 02/02 02:15
推 perryjuan   : 安心上路 以色列停戰了 02/02 02:15
推 mcgrady12336: 分析中國一堆然後空美股？這啥邏輯？ 02/02 02:23
→ SAKUHIRO    : 上一篇就有了又刻意發一篇，真的很想紅 02/02 02:23
推 x06qi       : 加油… 02/02 02:24
推 dangurer    : … 可控通膨就是股市的燃料 02/02 02:28
推 j3024133    : 太早，還沒發生末升段的熔漲，這是一個空頭都會想 02/02 02:56
→ j3024133    : 進場空的點位，那代表高點還沒到 02/02 02:56
推 shomingchang: 道瓊是美國的股市... 02/02 02:58
→ ookimoo     : 嗯，Q2油價升龍拳打爆所有喊降息的 02/02 02:59
→ ookimoo     : 這裡就末升段，Ai就是指標，其他的？寫不出故事了 02/02 03:00
→ ookimoo     : ，懂？ 02/02 03:00
推 pru5566     : 歷史新高還不是末升段？難道五萬點才是？ 02/02 03:14
推 a26893997   : 有單給推 敢空美股真的不容易 02/02 03:16
推 poisonB     : 摸頭要小心會Jizz 02/02 03:26
推 xkso        : 安心上路 02/02 03:44
推 qaz13579    : 停損看狀況乾脆不用停損了吧 02/02 03:54
推 aleventy    : 美國打贏中東戰爭取得更多石油，道瓊還不噴爆 02/02 04:03
推 wushing     : 我覺得33000點停利更好 02/02 04:07
推 sdf0419     : 你還好嗎？ 02/02 04:10
推 Leo9660210  : 我看了整篇的中國想說這個標題內文不符欸 不解釋一 02/02 04:34
→ Leo9660210  : 下關聯在哪裡嗎 02/02 04:34
→ howhower    : 通膨油價就是中國衰退拉下來的…… 02/02 04:44
推 vn507595    : 勇者 02/02 05:00
推 baboosh     : 哈 尾盤拉最高 打臉了吧 02/02 05:07
推 remix7      : 這篇根本教材等級 02/02 05:17
推 will7582    : 保重 已經噴爆 各位空軍加油 02/02 05:18
推 ksjr        : 又4你 再送你一個中美一家親 02/02 05:24
→ Windtears   : 看到Q2覺得還要升息根通膨在起，大概又是自己覺得不 02/02 05:24
→ Windtears   : 看數據派 02/02 05:24
推 will7582    : 17608... 我的price target.... wow 02/02 05:33
噓 XDDDpupu5566: 反串要說 02/02 05:38
推 lpmybig     : 嘎拉給給 盤一盤走利空出盡 02/02 05:51
噓 imhan705    : 點點點 你被鎖定了 美國人為了尬你無所不用其極 02/02 05:52
推 lpmybig     : https://i.imgur.com/IcK3nkC.jpg 米國人也需要空 02/02 05:53
→ lpmybig     : 三萬八蛙 02/02 05:53
推 minigo      : 中國經濟差所以空美股？外資外移錢會去哪 02/02 05:56
推 notanyone   : 第二篇了 02/02 06:02
推 Stat14      : 謝謝你 02/02 06:04
推 bio5chris   : 會贏喔.jpg 02/02 06:06
推 yumin88889  : 88 02/02 06:10
推 Tenging     : 放空藍籌股 辜辣可 02/02 06:10
→ eemail      : 道瓊...然後外資拉台積? 這兩個是不是有點落差? 02/02 06:15
推 HeiSiaN     : 安心上路 02/02 06:21
推 tantai99    : 前幾天不是才一篇這種的？又有XD 02/02 06:21
推 boringuy    : 經典...太經典了 02/02 06:27
推 dinty0327   : 蝴蝶效應 噴 02/02 06:36
推 howl1475    : 很好笑，真天才 02/02 06:36
噓 huaiken     : 散戶 02/02 06:38
→ sky2468     : 沒了中國還有印度，謝謝你提醒我 02/02 06:39
推 tteeccddyy  : 可憐哪 02/02 06:41
→ trewq987    : 會贏喔.jpg 02/02 06:52
推 northwater  : 沒確定的黑天鵝只會一直噴而已 02/02 06:56
推 sodier      : 怎麼不去陸股？嗯，陸股沒得空 02/02 07:00
→ ketter      : 你空恆生不是比較快嗎？ 02/02 07:01
推 Wahaha      : 你才是挑戰者 02/02 07:02
推 RTAngel     : 好 02/02 07:06
推 joaninheart : 恭喜 02/02 07:06
推 overkiller  : 妳的勇氣是梁靜茹給的嗎 02/02 07:07
推 smallkop    : 這人發的我不敢跟 02/02 07:07
→ AGODC       : 這勇氣…我不行 02/02 07:13
推 inoce       : 朝聖 哈哈哈 02/02 07:15
→ AGODC       : 中國不好應該空中國，空道瓊是什麼邏輯啊？空恆生也 02/02 07:16
→ AGODC       :  許更穩，基本上外資從中國跟香港撤離，外資不愛中 02/02 07:16
→ AGODC       : 國不救（或是說最後一個救） 02/02 07:16
→ A816        : 要空不空中國空美國==你會賠死 02/02 07:18
推 hirorei     : 怎麼又來了 02/02 07:19
推 cccc1730    : 會不會是公子獻頭 大單其實是多單 02/02 07:20
推 yujawe      : 空台股都比空美股好 02/02 07:24
→ peter98     : 好喔 02/02 07:33
噓 Sweet83921  : 上次好像也看到 什麼強弩之末空 不知道長草沒 02/02 07:38
推 small91051  : 嘎到4萬 02/02 07:40
推 jeremyyyy   : 謝謝你的犧牲 02/02 07:40
推 abcrr123    : 你很勇喔 看你有單 給推 祝賺錢 02/02 07:40
推 s56565566123: 要停損了嗎 02/02 07:41
推 K0RVER      : 謝謝您 02/02 07:42
→ backpacker18: 勇者推 02/02 07:42
推 sturme      : 有單推 02/02 07:45
推 zxcvbnmnbvcx: 你會輸 02/02 07:48
推 JerryLian   : 你po完文就翻轉向上了 02/02 07:51
噓 TISH12311   : 反串仔 乾 02/02 07:51
→ qaz12453    : 勇者 02/02 07:55
推 hauwei      : 看到還有空軍燃料，我抱TQQQ好安心 02/02 07:56
推 frank0810   : 看壞中國不空陸股跑去空美股 保重 02/02 08:04
噓 WeGoStyle   : = = 02/02 08:08
推 agvnol      : 你會贏 02/02 08:10
推 riotssky    : 感謝您 02/02 08:11
推 flycarb     : 雖然不覺得通膨再起，但你勝率不低欸。推 02/02 08:13
→ BruceChen227: 空道瓊？ 錢多拿去爽好嗎 02/02 08:20
推 felaray     : powell已經幾乎宣布五月降息了 而且他有說如果通膨 02/02 08:27
→ felaray     : 反彈 也只是小意外 不影響政策 02/02 08:27
→ laechan     : 你比折折半夜發文還準 02/02 08:27
推 apolloapollo: 你會贏 02/02 08:29
推 tsuihsin    : 這麼肯定怎麼不做小道就好? 02/02 08:32
噓 pisciss     : 去看醫生啦，空哇 02/02 08:33
推 lplpyy      : 有單推勇者 02/02 08:36
推 HotShotBB   : 笑死 真的死了 02/02 08:51
推 a6976933    : 笑死 多頭大屠殺 02/02 08:55
推 iphone8787  : 贏了 02/02 08:56
→ a29462766   : 可憐 鮑爾的昇龍拳爽嗎？ 02/02 08:58
→ nicejeffery : 美國要選總統欸 02/02 09:21
推 simoningwang: 有單給推！ 02/02 09:24
噓 cheug0653   : 看到通膨再起真的祝你安心上路 跌倒是有可能跌啦 02/02 09:27
推 film12      : 好可怕，All in 空單ing 02/02 10:15
推 how870927   : 這個邏輯不知道要說什麼 只能給你一個推 02/02 10:17
→ NexusPrime  : 呵呵 02/02 10:23
→ IBIZA       : 講通膨再起完全是黑人問號 02/02 10:38
推 ma19love    : 太保守了，應該要all in去空美股的！財富暴漲就看這 02/02 10:41
→ ma19love    : 一波了，加油！ 02/02 10:41
推 dagehoya5566: 睡醒直接被嘎死 02/02 10:48
推 z7956234    : 你會贏，但你要撐得住，信貸加碼土地增貸加碼！下一 02/02 10:49
→ z7956234    : 個出書的股神就是你！ 02/02 10:49
→ JKjohnwick  : 這會被尬爛吧 02/02 11:19
噓 henry2003061: 分析很好 以後別分析了 02/02 11:28
→ reFine      : 沒有歐印嗎？太可惜了！ 02/02 11:31
推 kids055157  : 先說結果美股續強。中國的獨裁政策早就讓全球開始 02/02 11:46
→ kids055157  : 轉移出口重心了，中國需求下降的影響其實已經逐漸 02/02 11:46
→ kids055157  : 淡化了，未來市場重心就是印度 02/02 11:46
推 kids055157  : 張忠謀：全球化與自由貿易幾乎已死。 02/02 11:50
噓 lincg       : 好熟悉 02/02 12:18
推 woker       : 為啥不等破線空 這樣摸頭有好處？ 02/02 12:41
推 x06qi       : 鮑爾對談 你可以解讀成通膨再起我就笑了 02/02 12:54
噓 s7172001    : 都說要降息了還在不會降息 智障嗎 02/02 13:45
推 brucetu     : 說得好像世界末日然後37200停利哈哈哈 02/02 14:10
→ brucetu     : 真的看空好歹空到三萬，不然回檔都是給你進場的做 02/02 14:11
→ brucetu     : 什麼空 02/02 14:11
→ distantblc  : 不去空破底的陸股港股，去空美股 差滴 02/02 14:17
→ donod       : 看空中國結果空道瓊？邏輯？？？ 02/02 14:48
推 slothman    : 錢拿去薯條加大不好嗎 何必呢 02/02 15:17
推 guppys2005  : 大選年你看空？有種喔 02/02 15:21
→ twic        : 勇者 02/02 15:34
",Fri Feb  2 01:08:08 2024,149,12,95,83,42,標的
0093,[標的] 00937B 首季配息出爐0.084,M.1706773898.A.27E,https://www.ptt.cc/bbs/Stock/M.1706773898.A.27E.html,renita811,"作者renita811 ()看板Stock標題[標的] 00937B 首季配息出爐0.084時間Thu Feb  1 15:51:36 2024
1. 標的：00937B群益 ESG 投等債 20+

2. 分類：多

3. 分析/正文：

官方公告
https://bit.ly/49hDvO5
經理公司依 113 年 1 月 31 日止之本基金之發行在外受益權單位數等相關數據，以保守
原則估算本
基金每受益權單位預估配發金額為新臺幣 0.084 元。由於本基金每營業日初級市場之申
購及買回交 易，均會造成本基金發行在外受益權單位數產生變動，本基金實際每受益權
單位可分配之金額可能 與本公告預估數值產生差異。

4.進退場機制:
年化殖利率6.34%，第一發配得漂亮
溢價已收斂，今日收盤在15.94，1%溢價內可追

--
※ 發信站: 批踢踢實業坊(ptt.cc), 來自: 185.213.82.105 (臺灣)
※ 文章網址: https://www.ptt.cc/bbs/Stock/M.1706773898.A.27E.html
推 DevilYanzi  : ++++ 明天準時開盤加碼00937B 02/01 15:53
推 chenning    : 937B這檔真的有點東西 02/01 15:55
推 hank65101   : 推推謝謝分享 搭929買雙月配 02/01 15:56
推 wwewcwwwf   : 套了超多= = 02/01 15:56
推 benairyo    : 推 建議937B這檔債券要長抱 02/01 15:58
推 ravi0       : 看了一下都納入票面利率大於4.5%的債券 的確不錯 02/01 16:01
推 Smile365Day : 請問要怎麼知道溢價多少？ 02/01 16:01
推 dnzteeqrq   : 群益投信官網 > etf > etf交易資訊 > 及時預估淨值 02/01 16:03
推 Pumpitup    : 好！明天漲停收 02/01 16:04
→ Lenon4561   : 買在16 100張 …. 02/01 16:07
推 jimmy5771   : 買爆 02/01 16:08
→ kelon       : 933都快17了 明天all in 02/01 16:10
→ NTUST       : 這檔是月配嗎 02/01 16:14
推 shomingchang: 這檔月配 02/01 16:15
→ t288850     : 這檔看線型就知道套了一堆人 02/01 16:22
→ icecubes    : 最近國債又要大筆拍賣有可能整體下修 控制好入場成 02/01 16:28
→ icecubes    : 本是不錯的 02/01 16:28
推 XD125       : 這篇先觀望，廣告成分大.. 02/01 16:31
推 solomonABC  : 不是有平準金嗎…… 02/01 16:33
推 askker      : 明天肯定溢價 02/01 16:33
→ ohyakmu     : 一年保底6%，我就不信到年底都不降息的 02/01 16:40
推 w08445566   : 下個月0.084再來討論 02/01 16:48
推 cms6384     : 被套兩張 被恐慌性買壓嚇到進場 02/01 16:58
推 frontseat   : 被靠腰累積一點五個月才發這樣...之後每個月發一定 02/01 17:01
→ frontseat   : 比現在少... 02/01 17:01
噓 daniellue   : 投信人員說一個月0.084,不是1.5個月,但我初估全年應 02/01 17:03
→ daniellue   : 該是5.8%,就算是月月配,也不可能超過這個值 02/01 17:04
噓 sssallen    : 好鳥 02/01 17:12
推 chinaeatshit: 屌打定存 明天解500萬買進 02/01 17:54
→ james4141989: 感覺群益的ya很多 02/01 17:55
推 jcdmcd7859  : 這數字若真是一個月，那比我預期高很多耶，原本保 02/01 17:57
→ jcdmcd7859  : 守估計只有0.065～0.070而已（純債息） 02/01 17:57
推 fg008kimo   : 好爛 輸00919  00929好多 02/01 18:25
→ BBFish55    : 樓上耍寶嗎？股票比債券？ 02/01 18:43
噓 avavgirl    : 就一堆不懂的 看到配少就該該叫 02/01 18:53
推 KBking      : 不是 怎麼有人拿高股息的出來比… 02/01 19:37
噓 lemonz      : 群益官網上到期殖利率寫5.74% 02/01 20:33
推 s074074qq   : 現在看到韭菜都捨不得噓了,畢竟在市場就是靠他們賺 02/01 21:09
→ s074074qq   : 錢 02/01 21:09
推 sq23123     : 債有5趴就不錯了 一堆人拿他跟高股息比… 02/01 21:33
→ Lenon4561   : 拿股比債 是不是反串啊？ 02/01 21:44
→ reFine      : 嫌的人確定知道自己買的是什麼嗎… 02/01 23:19
推 ktan        : 這支沒人注意他常反大盤走嗎？搭買929最合 02/01 23:21
噓 uzgo        : 要賭降息 為何不直接美債正2 02/02 09:55
→ qaz12453    : 最近八大排行榜一定有這支 申購20張賣到剩5張 02/02 11:54
→ qaz12453    : 拿來收藏看看長期獲利 02/02 11:55
推 Rita0205    : 爛得要死 02/02 14:56
",Thu Feb  1 15:51:36 2024,47,5,25,20,17,標的
0,[標的] 臉書(META)盤後暴漲14% EPS 5.33超出預期10.54%,M.1706822306.A.69D,https://www.ptt.cc/bbs/Stock/M.1706822306.A.69D.html,wen17,"作者wen17 (祭祀風的人類)看板Stock標題[請益] 臉書盤後暴漲12.42%時間Fri Feb  2 05:18:24 2024

1. 標的：美國那斯達克100期貨 (UNF)

2. 分類: 討論

3. 分析/正文：

4. 進退場機制：NA


市場概況
Meta
394.78 USD
+4.64 (1.19%)今天
已收盤: 2月1日 16:16 [EST] ‧ 免責聲明
收盤價 443.83 +49.05 (12.42%)

(台灣時間05:33已來到14%)

看來是有人偷看答案了  amazon也挺多的 不過沒有臉書誇張

更:

答案是臉書EPS超出預期10% 亞馬粽超出預期25%

https://tw.tradingview.com/markets/stocks-usa/earnings/

但說實在的 你也很難去預測誰超乎預期 所以還是nasdaq指數買一買實在

雖然會漏掉SMCI這種遺珠 但大多的應該能撈到

台期nasdaq收盤前檢了一張17415的 明天希望可以數錢

https://i.imgur.com/KmEsVrl.png

是說期貨如果保障足夠多的保證金 把槓桿壓到3倍

是不是與直接購買正3的風險類似 同時有現金部位可以拿去抽股票

舉例而言 假設那指17000點 那台期計價的總值就是850000

所以雖然一口保證金5萬 但你另外準備23萬現金放在期貨戶/活存

這樣就變成槓桿3倍

只是每個月轉倉的時候要重新平衡槓桿就是了 不過問題應該不是太大

畢竟也沒有說一定要鎖死3倍 大約就好
--
※ 發信站: 批踢踢實業坊(ptt.cc), 來自: 31.205.109.42 (英國)
※ 文章網址: https://www.ptt.cc/bbs/Stock/M.1706822306.A.69D.html
※ 編輯: wen17 (31.205.109.42 英國), 02/02/2024 05:24:41
※ 編輯: wen17 (31.205.109.42 英國), 02/02/2024 05:33:23
→ ej03xu3     : M7世界強 02/02 05:39
※ 編輯: wen17 (31.205.109.42 英國), 02/02/2024 05:43:25
→ cityport    : 裁員是前幾天內部就知道的消息 02/02 05:59
※ 編輯: wen17 (31.205.109.42 英國), 02/02/2024 05:59:54
→ cityport    : 財報只能說符合預期吧..本來就知道這季好很多 02/02 06:01
→ wen17       : ""好很多的預期""不是應該已經反應在""預期""上嗎 02/02 06:01
→ wen17       : 我這方面算新手 想請問是不是有什麼誤解 02/02 06:02
→ wen17       : 畢竟想當然爾很容易想錯 02/02 06:02
→ laptic      : 這應是用 [標的] 分類，請修正 02/02 06:12
推 loat        : 還不推正三哥？ 根本佛 02/02 06:15
推 kkevinnivekk: 市值重回1兆美元了 02/02 06:19
推 dpew        : 記得前一年半,是眾人唾棄 02/02 06:21
推 poisonB     : 跌到100的時候推文一片看壞 說要倒了 02/02 06:26
推 firemothra  : 睏霸鼠錢。就是這麼簡單 02/02 06:42
→ cityport    : 下季應該也是會超越預期..記得上車 02/02 06:44
※ 編輯: wen17 (31.205.109.42 英國), 02/02/2024 06:52:47
推 AGODC       : 美股才是股市最終歸宿…人家就是目前全球最大的資本 02/02 06:57
→ AGODC       : 主義市場啊！業績不好就砍人鞭策員工更努力，業績好 02/02 06:57
→ AGODC       : 更要砍人以創造更高獲利，無限正向循環！ 02/02 06:57
※ 編輯: wen17 (31.205.109.42 英國), 02/02/2024 07:01:37
推 fly5566     : 業績好砍人那多的工作誰做？ 02/02 07:03
推 smallkop    : 那這樣外商員工又可以多領了 02/02 07:05
前幾天才有朋友分享他工作的公司有配SMCI股票...  賺翻啦
※ 編輯: wen17 (31.205.109.42 英國), 02/02/2024 07:06:27
推 AGODC       : 平時會持續招員工，換入更年輕更便宜的新血啊，然後 02/02 07:06
→ AGODC       : 員工工作效率原則上就是一年要比一年更高 02/02 07:06
推 AcaryStaytkD: 樓上 AI做啊 02/02 07:07
推 AGODC       : 業績好砍人，那多的事情就留下來的人做啊，不然呢？ 02/02 07:09
→ AGODC       : 不做那你就可能是下一波滾的人 02/02 07:09
→ AGODC       : 真的是AI做…最近美國那邊的老闆來，要我們自己搞AI 02/02 07:12
→ AGODC       : 訓練去取代我們自己部份的工作，WTF?叫我們自己裁自 02/02 07:12
→ AGODC       : 己這麼狠啊… 02/02 07:12
→ dreamnook2  : eps增加的是裁員總額（並沒有 02/02 07:13
→ hirorei     : bau強 02/02 07:15
推 pythoner    : 阿嬤粽真的年年賺 02/02 07:16
推 tr920       : amazon這樣一漲，貝佐斯財富又要超越死對頭馬斯克 02/02 07:25
→ tr920       : 了，老馬應該超不爽 02/02 07:25
推 CaTkinGG    : AMZN 3000T已感動 02/02 07:29
推 redbeanbread: 買進大盤 安心上班 02/02 07:31
→ peter98     : 亞馬遜靠我大AWS就海放一堆企業了。 02/02 07:32
推 tpkgo       : 還好吧 開盤就收斂回去了 02/02 07:32
推 coffee112   : 好誇張的meta 02/02 07:33
→ ymlin0331   : 不管，繼續裁員 02/02 07:36
→ moike22     : SMCI真的好瓜張喔== 要600了… 02/02 07:41
噓 rrroooqqq   : 詐騙廣告導入ai就是賺！ 02/02 07:42
推 roveralex   : 最大詐騙平台之一 當然狠賺 02/02 07:45
推 tonylolz    : 今天2498 02/02 07:46
噓 learnbao    : 真的很尬 02/02 07:46
推 pornstar    : Meta的朋友加入短短幾年前不久才達到2百萬鎂股票, 02/02 07:48
→ pornstar    : 今天一漲一夜間又多了30幾萬鎂, 才28歲 02/02 07:48
噓 guky        : 詐騙廣告一堆也不處理，難怪賺爛 02/02 07:49
推 s56565566123: 滿滿的詐騙真的賺爛 02/02 07:50
推 capssan     : 蜥蜴人前兩天在法院上被逼著道歉，今天股價噴起來 02/02 07:56
→ capssan     : 還他公道 02/02 07:56
推 pornstar    : 現在Meta一堆27,28歲的E6年薪破百萬鎂, 跟聯發科/ 02/02 07:56
→ pornstar    : 台積副總同等級, 一堆30歲的E7破150萬鎂, 回台灣遠 02/02 07:56
→ pornstar    : 端工作時根本橫著走, 30歲的小工程師年薪屌虐台廠9 02/02 07:56
→ pornstar    : 0%的CEO 02/02 07:56
推 littlejackbr: 不玩元宇宙啦 02/02 07:59
推 pornstar    : 台大同屆同學平平30歲初頭, 一個在台廠領150萬台幣 02/02 08:00
→ pornstar    : 只能約普女, 另一個在Meta領150萬鎂回台灣直接能約 02/02 08:00
→ pornstar    : 到女星 02/02 08:00
→ kausan      : 老屁股裁掉財報就好看了 02/02 08:01
噓 abc01170303 : meta 受益台灣選舉廣告投放行情 02/02 08:02
推 ck326       : 臉書一年多前被講的要倒了一樣，呵呵 02/02 08:04
→ ck326       : CE 人兩年就逆轉回來，其實蠻屌的 02/02 08:04
推 smarthome   : Ptt真的反指標，看看當初到99的時候，一堆高手說老 02/02 08:05
→ smarthome   : 人股票，根本沒人在用臉書，要下市了，結果現在450 02/02 08:05
→ smarthome   : 。。。 02/02 08:05
推 prostar     : 少子化老人錢才好賺阿 02/02 08:10
推 SRNOB       : 你笑人家 那你自己99有去買嗎 02/02 08:11
推 felaray     : 奇怪，為何在高點還要發股息和回購..我以為這是護 02/02 08:12
→ felaray     : 盤的措施... 02/02 08:12
推 BruceChen227: 繼續不處理詐騙 02/02 08:14
→ BruceChen227: 股價創新高 祖克柏牛逼！ 02/02 08:14
推 good10740   : instagram 不算老人吧 02/02 08:14
推 dpew        : ㄧ堆人以為看了幾則新聞和財報，覺得很懂這間公司， 02/02 08:15
→ dpew        : 其實根本什麼都不懂 02/02 08:15
推 a26893997   : 媽的 美股是不是也一堆內褲線啊= = 02/02 08:15
推 surferblue  : 真的 臉書股價真的太水了 02/02 08:16
推 felaray     : 有些業績應該是twtter難民貢獻的啦 02/02 08:21
推 rexwis      : 不爽也沒辦法啊 特已經炒不動了 02/02 08:24
→ wen17       : 不懂就買指數. 02/02 08:24
推 AirLee      : 大家都在砍 自己沒砍說不過去 02/02 08:27
推 woofwoof009 : 高點回購表示未來看好 今天來追meta 02/02 08:30
推 huabandd    : @17樓，美國科技業現在瘋狂裁員，一堆寫程式的職缺 02/02 08:36
→ huabandd    : 都被砍，Tiktok上面一堆科技人出來說自己被辭退 02/02 08:36
→ huabandd    : AI取代一大堆的程式設計師 02/02 08:36
→ macair      : 老人社群的消費力果然強大，詐騙廣告瘋狂投放效益真 02/02 08:38
→ macair      : 的有用啊 02/02 08:38
→ macair      : ig抖音化果然是成功的策略，短視頻流量應該有追上ti 02/02 08:39
→ macair      : ktok了 02/02 08:39
推 k798976869  : ai真的強 打兩個字後面都自動補完惹 02/02 08:42
推 yoshian886  : 特斯拉真的可憐 02/02 08:43
→ k798976869  : meta本來就滿手現金 前兩年是去投資啥元宇宙 亂燒錢 02/02 08:45
→ k798976869  :  建模做得還比遊戲爛 02/02 08:45
推 autherlike  : FB光詐騙廣告就在賺爛了 02/02 08:46
→ deathoflove : 真好 過年前又在發錢了 02/02 08:47
推 mike8469    : 真扯…. 02/02 08:52
→ jalai       : 執行長馬克祖克柏表示將加大GPU採購 CC 02/02 08:52
推 allenmusic  : ai取代多數員工 eps飛天囉 02/02 09:13
→ bnn         : 之前就有人說過啦 等到又開始招聘就是高點 02/02 09:22
→ bnn         : 還在裁員就是噴 02/02 09:22
推 bighead7987 : SMCI 上不了車 AMZN股價漲得好小氣 02/02 09:36
噓 bole        : FB上面詐騙比活人多 02/02 09:50
推 brad001     : 賺那麼多就趕快招人 媽的裁那麼多人 02/02 11:25
",Fri Feb  2 05:18:24 2024,100,5,47,42,48,標的
0093,Re: [標的] 國泰10Y+金融債（00933B)第1次配息,M.1706777362.A.794,https://www.ptt.cc/bbs/Stock/M.1706777362.A.794.html,S9125126,"作者S9125126 (SS)看板Stock標題Re: [標的] 國泰10Y+金融債（00933B)第1次配息時間Thu Feb  1 16:49:20 2024
※ 引述《barryliou01 (小佑子)》之銘言：
:  https://i.imgur.com/TAJ7jda.jpg
: 第一次配息就有0.23欸
: 這樣應該算不錯了吧
: 難怪今天爆31萬張的大量
: ----
: Sent from BePTT on my iPhone 12 Pro


美債跟公司債到底那檔比較好?


這檔年化殖利率 = (0.23/3.5x12/16.97)x100% = 4.65%


美債 我挑一檔大家比較少知道的永豐20年美公債 季配息 當時配息和當時股價

1.21% +1.30% +1.11%+1.13%=4.75%

所以這兩檔配息是差不多

而且以信用評級來說 這兩檔ETF都是  持有都是3A等級的 RR2風險股票

但是從股價漲幅來看

這檔從他發行 2023/10/19 有小跌後 一路上漲
從2023/10/23   14.5漲到16.97 等於漲了 (16.97-14.5)/14.5約漲了17%

但是永豐20年美債
也從2023/10/23 算23.11漲到今天收盤的26.16
(26.16-23.11)/23.11 約漲了13%





所以呼之欲出

買這檔主要是他比美債會漲拉






選我正解@@""

--
※ 發信站: 批踢踢實業坊(ptt.cc), 來自: 61.216.90.101 (臺灣)
※ 文章網址: https://www.ptt.cc/bbs/Stock/M.1706777362.A.794.html
※ 編輯: S9125126 (61.216.90.101 臺灣), 02/01/2024 16:50:12
※ 編輯: S9125126 (61.216.90.101 臺灣), 02/01/2024 16:50:39
噓 strlen      : 那幹麻不買AI 無聊02/01 16:56
推 jackyc      : 都買啊02/01 16:57
噓 foyes       : 這信用的看法也太莫名其妙了吧 公司債的AA+跟美國02/01 17:00
→ foyes       : 公債的AA+完全不能算是差不多等級的風險02/01 17:00
→ S9125126    : 那信用又不是我評比的02/01 17:01
→ S9125126    : 我當然都買呀02/01 17:02
那信用也不是我評級的
當然都買呀

小孩才做選擇
附上我的持有證明
https://i.imgur.com/TSmlZwK.jpg
※ 編輯: S9125126 (111.71.49.61 臺灣), 02/01/2024 17:04:27
→ ALOWS       : 先看30元？？ 02/01 17:06
→ chengking   : 你國泰美債計算沒有用還原價算，加上查了一下存續 02/01 17:07
→ chengking   : 期間00933B大概13年左右 00857B的存續期間大概17年 02/01 17:07
→ chengking   : 左右 雖然2種債券追蹤的因子不太一樣 但美國國債安 02/01 17:07
→ chengking   : 全性又比金融債好 這樣你還覺得00933B比較好？ 02/01 17:07
如果股價漲幅 和配息一樣 我會選美債
但是如果要考慮價差我會放點資金在金融債
※ 編輯: S9125126 (61.216.90.101 臺灣), 02/01/2024 17:11:37
推 yoshilin    : 買債主要是看低風險，尤其國內利率低，所以可以用 02/01 17:11
→ yoshilin    : 貸款來買 02/01 17:11
→ yoshilin    : 穩賺的利差送錢 02/01 17:12
→ icecubes    : 金融債的特性就是動得比較快 所以目前的金融債都漲 02/01 17:12
→ icecubes    : 比較多 追高就不太必要 02/01 17:12
→ yoshilin    : 人人都可以當銀行 02/01 17:12
→ tenghui     : 買債ETF然後比漲幅 嗯 02/01 17:29
推 hcwang1126  : 最近債很波動啊 一直用以前的觀念 會是阻礙啊 02/01 18:13
→ hcwang1126  : 如果覺得漲多了 偏離基準利率就賣啊 02/01 18:13
噓 changtso    : 你不懂債券ETF 02/01 20:55
推 khlin1016   : 真的不懂 02/01 21:06
",Thu Feb  1 16:49:20 2024,22,3,4,1,15,Re標的
0,[標的] IWIN 會贏喔 多,M.1706784385.A.22D,https://www.ptt.cc/bbs/Stock/M.1706784385.A.22D.html,rayccccc,"作者rayccccc (阿夸哈私奔)看板Stock標題[標的] IWIN 會贏喔 多時間Thu Feb  1 18:46:22 2024
1. 標的：IWIN.US      (例 2330.TW 台積電)

2. 分類：多

3. 分析/正文：

https://amplifyetfs.com/iwin/

根據官網的介紹

IWIN主要投資於對通膨敏感的商品

扣除商品期貨

目前第一、二大持股UEC CCO都是鈾礦開採公司

幾個月來的漲勢也是很強

尤其SMR小型核電廠的發展

鈾礦似乎是一個好投資

看來IWIN的選股還不錯






不過重點是IWIN
https://imgur.com/BkUnpBC



4. 進退場機制：通膨持續長期投資會WIN喔

(非長期投資者，必須有停損機制。討論、心得類免填)


--
※ 發信站: 批踢踢實業坊(ptt.cc), 來自: 1.34.94.188 (臺灣)
※ 文章網址: https://www.ptt.cc/bbs/Stock/M.1706784385.A.22D.html
推 fakelie     : ㄚ夸版主被政府放出來辣 02/01 18:47
推 NomoreSeven : 別再說了 都被腰斬了5555 02/01 18:47
推 tttt0204    : 會贏喔 02/01 18:48
推 tomdavis    : 會贏喔! 02/01 18:49
推 square      : 我跟1股 02/01 18:50
推 twopairs1122: 你的股價要被腰斬了 02/01 18:54
→ sunday0913  : 484想釣 02/01 19:00
推 dongdong0405: 笑死我以為走錯板 02/01 19:00
推 a6976933    : 凡夫 02/01 19:03
推 moon1991    : 看來股板跟常去C洽的重疊不高 02/01 19:07
噓 Xanphenir   : 你以為股版是你的閒聊區？ 02/01 19:09
→ distantblc  : http://i.imgur.com/KnZq80R.jpg 02/01 19:09
→ EHacker     : 專家判斷會O起，專家先預防性羈押ㄅ 02/01 19:15
推 hsu1999a1   : ok準備腰斬 02/01 19:17
噓 devidevi    : 沒有股號 02/01 19:18
推 fdkevin     : 哈哈 02/01 19:22
推 la8day      : 信了 02/01 19:22
推 a28200266   : 我win了 02/01 19:24
推 Khandraa    : 這應該空吧  直接腰斬欸XD 02/01 19:25
推 necrophagist: 贏定了 02/01 19:30
推 xboxandone  : XDDDDDDDDDDD 02/01 19:31
推 lonzoball02 : .. 02/01 19:35
推 iorittn     : 上次說會贏的已經剩1半了 02/01 19:36
推 tomdavis    : I'd WIN !XD 02/01 19:39
推 fisher6879  : UWIN! 02/01 19:44
推 IKnowWhy    : 很懂 02/01 19:45
推 thomaspig   : XD 02/01 19:57
推 jwiww       : 好日子要來了 02/01 20:01
推 jerry8148   : https://i.imgur.com/YZucJsv.jpg 02/01 20:03
推 IzumiKonata : 會贏喔 02/01 20:10
推 pisu        :  https://i.imgur.com/2QxkoqB.gif 02/01 20:14
→ Altair      : XDDD 02/01 20:19
推 CaTkinGG    : 腰斬了 02/01 20:26
推 aria0520    : 會贏喔 02/01 20:27
推 jo4         : 走錯版? 02/01 20:31
推 kendavid001 : 上個說會贏的… 02/01 20:37
→ losage      : 你是不是想很久… 02/01 20:40
推 panda816    : 這篇底下有兩個圈圈形成的空集合 02/01 20:57
→ welly7566   : IWIN不是對蘿莉敏感嗎? 02/01 21:01
推 dsqqet      : 笑了 02/01 21:03
推 km612tw     : 好日子要來了 02/01 21:10
→ xaxa0101    : XDDD 02/01 21:26
推 banana190   : 好日子還在後頭呢，線圖太色一樣win 02/01 21:28
→ Callus      : https://i.imgur.com/Xpyi0ld.jpg 02/01 21:30
推 dangurer    : IWIN -> iwin 02/01 21:55
推 jagger      : 好日子來了 02/01 22:37
推 abcrr123    : 有梗好笑，給推 02/01 22:37
推 vgil        : 靠  還真的有喔XDD 02/01 22:40
推 s1032kj     : 等皇上登基 02/01 22:44
→ iamacomic   : 看回的是什麼就知道是屬於哪邊的人 02/01 22:56
推 gtoselina   : 上次說會贏的已經 02/01 23:03
推 mark60917   : 2.5條 02/02 00:29
推 k0804k0512  : 會贏喔，笑死 02/02 00:59
推 chad61011   : 以為在西洽 02/02 02:12
推 swbthj      : 財富腰斬 02/02 03:25
→ fmp1234     : 不能色色太苦了 02/02 08:35
推 yukiinsummer: 好日子要來了 02/02 08:45
推 longkiss0618: 會WIN喔 02/02 09:35
※ NoPTT:轉錄至看板 joke                                           02/02 15:07
",Thu Feb  1 18:46:22 2024,58,2,46,44,10,標的
3294,[標的] 3294 英濟 短線9菜樂透空,M.1706752429.A.731,https://www.ptt.cc/bbs/Stock/M.1706752429.A.731.html,aajimmy,"作者aajimmy (甚麼刀最長.?)看板Stock標題[標的] 3294 英濟 短線9菜樂透空時間Thu Feb  1 09:53:47 2024

1. 標的： 3294 英濟

2. 分類：多/空/討論/心得
短線9菜空，今天在一字線鎖死的情況下還能爆量1萬多張，融券還有剩，看起來一堆人開
跑

3. 分析/正文：
技術面，一字線鎖死還爆量少見
空個幾張當買樂透
https://i.imgur.com/2Sq7hSG.jpg
4. 進退場機制：
當有經濟壓力時
會等打開那一天補掉認賠求現

--
※ 發信站: 批踢踢實業坊(ptt.cc), 來自: 42.70.173.0 (臺灣)
※ 文章網址: https://www.ptt.cc/bbs/Stock/M.1706752429.A.731.html
推 ntnuljg     : 哪家還有剩 手上3間都沒有02/01 09:59
永豐還有
推 thetide0512 : 你會贏02/01 10:00
※ 編輯: aajimmy (42.70.173.0 臺灣), 02/01/2024 10:02:10
→ p810567     : 股本13e 才爆1w張 還早02/01 10:02
噓 showlive0214: 嘎死你02/01 10:03
哈哈 願賭服輸 厲害就來嘎吧
※ 編輯: aajimmy (42.70.173.0 臺灣), 02/01/2024 10:05:54
推 ntnuljg     : 沒永豐哈哈  good luck 02/01 10:06
推 bbbb4520    : 有機會02/01 10:09
推 splendidpoem: 連續鎖漲停，前面沒有做個大量的T字或長紅讓其它資02/01 10:11
→ splendidpoem: 金進來有福同享的股票，就是主力自己在吃獨食，不02/01 10:11
→ splendidpoem: 打算讓別人分享。這種走勢續航力通常都不太高，打02/01 10:11
→ splendidpoem: 開漲停之日，就是短線的見頂之時。02/01 10:11
推 AkiMegumi   : 你會輸02/01 10:12
→ tmdl        : 你會平02/01 10:23
推 zxcv91039   : 炒的好兇 這樣拉的02/01 10:25
推 clamperni   : 會贏 很少跳空那麼多根還站的住的02/01 10:30
推 samwang7027 : 這種瘋狗股很可怕 不是大贏就是大敗02/01 10:33
推 a0902236817 : 合一30多塊時也連續鎖漲停幾根，參考看看02/01 10:36
如果遇到像生技這種本來就看本夢比的嘎法
我也認了 反正遲早會打開
→ distantblc  : http://i.imgur.com/Gfyb4jl.jpg02/01 10:47
推 skery3188   : 恰巧上週日報紙比賽分析師共同看好02/01 11:51
推 jerry0821   : 我今天才好不容易買到 那麼早空 不怕嘎嗎？ 02/01 11:57
這時候買到我才覺得怕 頂多再一兩根吧
※ 編輯: aajimmy (42.70.173.0 臺灣), 02/01/2024 12:19:11
推 OhMyHair    : 心臟大的 02/01 12:24
推 a0902236817 : 先看盤後籌碼是不是主力跑了，再來空比較安全02/01 12:37
主力跑了一些，價籌背離
有機會開高走低
推 A816        : 這種的遇到主力賣融資你融券可能還要借券費 我就遇02/01 13:00
→ A816        : 過== 02/01 13:00
推 Scorpio777  : 明天有機會敲開嗎? 02/01 13:55
要擲杯才知道，但今天爆量又價籌背離
有點機會敲開
推 web1379     : 銘板第2 ? 02/01 14:04
推 WADE0616    : 股版酸民就是這麼智障 你空 就是軋死你 你多 就說洗 02/01 14:46
→ WADE0616    : 碗 02/01 14:46
我可以懂看別人賠錢多爽
因為我也會
推 tty102077   : 明天處置，買的到嗎？
  02/01 15:20
第一盤敲漲停買進一定有機會
推 jerry0821   : 第一根出量有什麼好怕 跌了再加碼就好 說不定會像 02/01 15:20
可以，不過我也是抄高短線空
如果要追多 我會等離開布林快到月線位置再買吧 只是不懂為何要在高檔爆量時追
→ jerry0821   : 世紀這種 盤整後 直接分盤無量嘎上去 02/01 15:20
你說到一個重點 就是盤整
盤整等均線追上來再說 ，我沒有期待會大跌
我只賭短線回檔
推 TP62842UL3  : 保重啊，進去關主力出不了貨硬拉你就嗨了 02/01 17:23
進去關跟主力出不了貨有啥關係？
出不了貨表示跌停啊
主力出不了貨就硬拉？
這邏輯你自己再唸一次，有沒有覺得哪裡怪怪的
※ 編輯: aajimmy (42.70.173.0 臺灣), 02/01/2024 17:44:59
推 jerry0821   : 今天買是因為從頭到尾都沒打開漲停啊…只能說有換 02/01 18:01
→ jerry0821   : 手 但追價意願還夠 先買幾張 明天再看開得如何囉~ 02/01 18:01
推 rock302520  : 漲停了怎麼回補… 02/02 09:20
推 jojok       : 留著過年了 02/02 09:24
",Thu Feb  1 09:53:47 2024,34,1,23,22,10,標的
2241,[標的] 2241艾姆勒 好多散熱題材,M.1706754151.A.731,https://www.ptt.cc/bbs/Stock/M.1706754151.A.731.html,uzgo,"作者uzgo (進擊の巨韮)看板Stock標題[標的] 2241艾姆勒 好多散熱題材時間Thu Feb  1 10:22:29 2024
1. 標的：2241艾姆勒

2. 分類：多

3. 分析/正文：

[大盤分析]

最近市場資金又回到AI相關題材

散熱又獲得了青睞，在台股封關前，丙種資金結帳

應該是邊拉邊出量縮盤(雖然根據統計過完年後上漲機率高)

但大家大多觀望態度，所以少數妖股繼續妖強者恆強(神棍集團)

也不要看創新高就追，容易甲賽


回到正題:

2241雙主題的艾姆勒

[公司產品面]

主要是做車用逆變器的散熱(逆變器是交流轉直流器)

充電樁一定都是交流電 車用電池都是直流電 所以逆變器可以說是電動車必需品

因為是車用的散熱 所以散熱的效率必定要更好 因此艾姆勒採用的是金屬射出

這個工法比較難因為金屬變成粉末最後再用高溫燒結一定會發生形變


所以會縮小多少讓他間距達到散熱的最高水準都是高技術

燒結後還需要拋光讓散熱效率更好 所以成本一定是比較高而散熱效率也好

https://imgur.com/Ga6RZ18

有興趣可以搜尋MIM https://reurl.cc/54KQdq

公司法說產品已通過Tier 1認證 ，這個驗證就要一年，一過就能吃十年


主要是艾姆勒也切入了顯卡散熱 雙相液冷技術

https://imgur.com/kmMwjss
https://imgur.com/a/3ZNvzqf

伺服器水冷方案，於2023第3季客戶已過證待出貨，留意公司動態及營收。

https://www.chinatimes.com/realtimenews/20231225001946-260410?chdtv

主要公司目前還在虧損中，所以賭一個虧轉盈的題材(沒有穩定殖利率保護)


老闆的故事也挺有趣的
https://reurl.cc/N4YgAe

自己碩論也寫自家公司
https://tdr.lib.ntu.edu.tw/handle/123456789/20347



[技術面]
https://imgur.com/07e0XRq

被季線一直壓者打，若不想耗費時間套，可以等突破下降季線在進場

季線逐步扣抵低值，接下來形成均線糾結的機會高

昨天算近期的爆量紅K 但是量還是很小 或可以等爆量紅K再進




[籌碼面]

艾姆勒的散熱題材也有特定籌碼關注 近期也有分點連續買

有興趣可以自己查

主要是GIC新加坡主權基金也有投資他

https://imgur.com/z79cyq7.png

(最近挪威主權基金投資的那檔天天鎖漲停)

艾姆勒之前現增大股東全部放棄認股

也有傳言是老闆自己吃下來 所以合理懷疑 當時現增價28.5應該是地板價了


4. 進退場機制:

破28出場 長期持有

--
※ 發信站: 批踢踢實業坊(ptt.cc), 來自: 210.240.3.16 (臺灣)
※ 文章網址: https://www.ptt.cc/bbs/Stock/M.1706754151.A.731.html
推 Jeff1989    : 分享推 02/01 10:22
推 ianbomb     : 這隻高cp，看好噴兩倍 02/01 10:28
※ 編輯: uzgo (210.240.3.16 臺灣), 02/01/2024 10:30:51
推 hebeisme5566: 靠北被點到了 02/01 10:35
推 jerrylin    : 跌到剩30了喔 02/01 10:35
推 jerrylin    : 這檔只能相信老闆說的是真的有接到T1訂單 02/01 10:40
→ jerrylin    : 看哪天會向高力一樣起飛 02/01 10:40
推 statics0000 : 明天一根 02/01 10:43
推 alcoholH    : PTT法人進攻穿越季線 02/01 10:44
推 AkiMegumi   : 開始噴 02/01 10:46
推 jc761128    : ptt法人????? 02/01 10:46
推 windblood   : PTT法人進攻 02/01 10:47
推 lin117      : 誰偷拉 02/01 10:47
推 kiraj       : 低調啊 02/01 10:47
噓 hebeisme5566: 低調 02/01 10:47
→ lin117      : 別亂拉啊  低調 02/01 10:48
→ guilty13    : 還行耶 看得出還是有人押寶 02/01 10:48
推 aaronchen   : 帥，買起來 02/01 10:49
→ guilty13    : 像這種近期有現增的 認購價格要寫出來 28.5 02/01 10:50
推 happypowa   : 低調別亂拉啊 02/01 10:50
推 jonathanK   : 是不是被進攻了哈哈 02/01 10:50
→ guilty13    : 所以這樣看來 就很普遍的賣舊換新 02/01 10:51
推 peace000    : 今天拉到33 衝啊 02/01 10:51
→ guilty13    : 籌碼面解一解 其實還算不錯 02/01 10:52
→ guilty13    : FU糗感十足 可以跟那3000張融資賭一發看看 02/01 10:52
推 EDhsiao     : 我只知道某主力被套很多 02/01 10:56
推 morgan77123 : 32拿一張 02/01 10:58
推 imlucky     : 克補勒 02/01 11:00
→ guilty13    : 越看越覺得 這個好像有點搞頭 我拉進購物車清單好了 02/01 11:00
→ guilty13    : 對於這種轉機股的喜愛程度 猶盛不衰 02/01 11:01
→ imlucky     : 季線反壓 再等等杯 02/01 11:02
推 zxcv91039   : 22年10月低點有稱 投機標的漲勢會強 02/01 11:09
推 s40012      : 這檔老闆xd有喊過不好嗎.... 02/01 11:12
推 peace000    : 被套住了… 02/01 11:18
推 CZOM        : 觀察看看 謝謝分享 02/01 11:40
推 fon51       : 底部起漲？ 02/01 11:57
推 brookwest   : 這檔我不行 02/01 12:00
→ mm5566t     : 這檔公司很缺錢喔 朋友就是內部員工 公司是真的賭 02/01 12:21
→ mm5566t     : 一把 會輸會贏不好說 02/01 12:21
推 wisebani    : 上市後，eps就下來了...真的就是賭一把 02/01 12:40
推 icome       : Ptt法人買超 02/01 12:41
→ uzgo        : 老闆自己也賭一把十大股東有兩個是老闆自己分點 02/01 12:46
推 HKZ000      : 配合廠商 真的要賭... 02/01 13:14
推 NewScott    : 推推 02/01 13:32
推 swgun       : 老闆壓身家我給過 02/01 13:42
推 scjh123     : 可以 位階也漂亮 02/01 14:50
推 megee       : 今天融資all in  爽 02/01 15:22
推 awpadam     : 基本面、題材、基期 都很好，回檔季線我買20張 02/01 15:22
噓 tony05050   : 爛公司 02/01 15:32
推 jerry0821   : 純賭籌碼 應該先嘎看看 低檔整理一段時間了 02/01 15:34
推 glmkk       : 這幾天一堆人在講這隻 02/01 15:40
→ awpadam     : 投顧老師嗎?還是哪個討論區? 02/01 15:47
→ awpadam     : 我看這隻的確風報比不錯，往上有2~3倍，往下有限 02/01 15:48
→ awpadam     : 希望主力能洗一下ptt散戶籌碼，讓我有機會低接XD 02/01 15:49
推 mrwater     : 我有內線 今年肯定噴 02/01 22:19
推 airfuner    : 真假啦 02/02 09:03
推 iiiey       : 本想今天跟一張  結果竟然漲停沒人要賣QQ 02/02 09:04
推 lyenia      : 沒跟到 02/02 09:04
推 jou54001    : 沒跟到+1 02/02 09:05
→ jou54001    : 又敲開ㄌ 02/02 09:05
→ rossihsu    : 還有機會! 02/02 09:06
→ jc761128    : 散熱之力? 02/02 09:07
推 ginwer      : 主力停車了，快上！ 02/02 09:21
推 jonathanK   : 快上車 02/02 10:35
推 m50205811   : 跟幾張玩玩液冷 其他的漲太貴了 02/02 10:40
推 soonliz     : 美超微 伺服器 02/02 11:09
推 miki50407   : 長長上影線 02/02 12:26
",Thu Feb  1 10:22:29 2024,66,2,45,43,19,標的
0,Re: [標的] 台指大盤 機器學習線仙多,M.1706756877.A.5A8,https://www.ptt.cc/bbs/Stock/M.1706756877.A.5A8.html,sky22485816,"作者sky22485816 (玻利維亞)看板Stock標題Re: [標的] 台指大盤 機器學習線仙多時間Thu Feb  1 11:07:55 2024
安安大家好
今天收盤平倉喔
禮拜一就忍著手癢沒出掉(個人主觀的local high)，終於可以出掉了
按照現價計算這次每口+340點

另外聊聊這次的情況
其實這次模型預測EV連續高過交易閾值長達九天
我原先以為這次要賠錢，因為過往紀錄大多連續五天就很長了
https://imgur.com/rxt7sIY
橘色箭頭為發文日，淺藍色是EV這幾日大概的走勢
藍色箭頭是我其他策略的進場點位不用理它

這種情況常見於模型預測數值鈍化後，價格繼續下跌
然後預測數值由強勢看多不連續地直接跳中性或看空

按照最佳化的結果，把錢分成N份
每次訊號出現都買入一份，其收益是最好的。
但權益的波動會大很多，且每天發文實在是太累了

剩三天封關
年前應該沒機會再出訊號
先祝大家新年快樂

這幾天都在當神奇寶貝大師
拼命的奴役帕魯，沒花太多心思在交易上

※ 引述《sky22485816 (玻利維亞)》之銘言：
: 1. 標的：台指期近月
: 2. 分類：多
: 3. 分析/正文：
: 自分享以來的績效 (但後面我有針對此模型做調整了)
: 多單 +500,+1500,+350,+250,-150 +750
: 空單 +130 ,+170 , -280 ,-670
: 方法:
: 利用RadiusNeighborsRegressor分析多項常見技術指標
: 包括但不限於價格、KD、成交量等技術分析指標
: 根據歷史上相似的交易日績效來進行20個交易日後的價格預測
: 然後設定閾值來參與交易
: 這是近期模型預測20個交易日後的收益圖
: https://imgur.com/TKcW0Gv
: 補充就是
: 後來我有將多空分開來做特徵權重的優化
: 模型跟之前的表現應該是略有差異的
: 原模型的預測數值有很貼近設定的進場閾值(但還沒到)
: 另外就是今天相似的Neighbors也屬於偏少的那種
: 4. 進退場機制：(非長期投資者，必須有停損機制。討論、心得類免填)
: 以1/4日盤近月收盤17546為基準做多
: 2/1日盤收盤平倉
: 本來日盤有掛智慧單台指2月在收盤前進場
: 但因為券商它智慧單本身的設計的關係
: 13:44遠月沒有成交 導致沒觸發智慧單
: 等價格跌下來再買進
: --

--
※ 發信站: 批踢踢實業坊(ptt.cc), 來自: 122.116.44.75 (臺灣)
※ 文章網址: https://www.ptt.cc/bbs/Stock/M.1706756877.A.5A8.html
推 sagarain    : 新年快樂 02/01 11:10
推 jc761128    : 666 02/01 11:11
推 aika5512308 : 推 02/01 11:17
推 borry6299   : 感謝分享 02/01 11:18
推 guk         : 好 都買 02/01 11:21
推 tomdavis    : 厲害 新年快樂 02/01 11:22
→ borry6299   : 推抗壓強-300到+300 02/01 11:23
推 zo4j4       : 感謝帶入帶出賺了紅包錢，大大一生平安 02/01 11:25
推 dfgcvb1025  : 線仙真猛 02/01 11:26
推 flyingdeeck : 線仙真的有料 02/01 11:27
→ tigerzz3    : AI線仙厲害 跟籌碼訊號很接近 02/01 11:33
推 PaulOneil1  : 紀律很強，推一個 02/01 11:34
推 x9060000456 : 這樣做不會有結算日的成本嗎@@ 02/01 11:35
我有時候會直接買遠月
或是買近月在結算前一日轉倉
看當時遠近月價差跟距離幾天近月結算決定，但沒有很明確的標準。
推 cpz         : Z害 02/01 11:37
推 smilexyan   : 推 感謝分享 02/01 11:39
推 hotmia      : 讚 02/01 11:42
※ 編輯: sky22485816 (122.116.44.75 臺灣), 02/01/2024 11:52:45
推 borry6299   : 對齁，他那一筆應該是結算-300 02/01 11:50
推 hsupaijay   : 讚一個~~ 02/01 11:50
※ 編輯: sky22485816 (122.116.44.75 臺灣), 02/01/2024 11:58:48
推 joygo       : 我上週奴役完了 02/01 11:59
推 tttt0204    : 有追蹤給推 02/01 12:09
推 Evajavaleon : 真的猛，帶進帶出給推 02/01 12:14
推 JohnnyHuang : 真的讚 02/01 12:18
→ sirins      : 羨慕 以後靠這個賺錢就好了 02/01 12:21
推 x9060000456 : 原來如此！！！！！ 02/01 12:21
推 night0805   : 猛 02/01 12:26
推 skying85    : 謝謝線仙讓我紅包加大 02/01 12:34
推 aragorn1128 : 推，雖然沒跟單不過有關注 02/01 12:39
推 fakelie     : https://i.imgur.com/Q9YFTzb.jpg 02/01 12:41
推 SRNOB       : 你能不能開課教學 有興趣 02/01 12:52
推 KMT42689    : 讚 推個 02/01 12:55
推 PitzMan     : 推，神LoL 02/01 13:44
推 poisonB     : 有賺有推 02/01 13:49
→ lincg       : 當你個版 02/01 13:52
推 pOOq        : 樓上沒跟到嗎？講話這麼酸 02/01 15:50
推 jknm0510a   : 強者，我現在還在卡overfitting沒有好解法 02/01 16:32
推 jinso7410   : 這次有跟到感謝 02/01 18:19
→ jinso7410   : https://i.imgur.com/f7ww1ov.jpg 02/01 18:20
→ jinso7410   : 沒跟到17546 太晚看到call 買貴17578 02/01 18:21
→ jinso7410   : 太晚看到Call訊 02/01 18:22
",Thu Feb  1 11:07:55 2024,39,0,32,32,7,Re標的
6139,Re: [標的] 6139亞翔-白馬王子多,M.1706710587.A.C55,https://www.ptt.cc/bbs/Stock/M.1706710587.A.C55.html,owen810829,"作者owen810829 (owen)看板Stock標題Re: [標的] 6139亞翔-白馬王子多時間Wed Jan 31 22:16:25 2024
※ 引述《owen810829 (owen)》之銘言：
: 1. 標的：6139.TW 亞翔
: 2. 分類：多
: 3. 分析/正文：
: 亞翔是去年的飆股之一,已經漲這麼一大段了為何還會想持續操作呢?
: 先上個單
: https://imgur.com/AuYA1Xq.jpg
: https://imgur.com/6XJHMt1.jpg
: 來從基本麵來看看香不香
: 第四季合併營收有241億,遠大於第三季的145億
: 以第三季的稅後淨利率抓8%來保守估計,Q4 EPS有機會落在8元上下
: 認真地聽完上次法說後
: 根據公司派對於未來的說法以及現場一些參加者還算犀利的提問後
: 我對今年整體營運也持續抱持樂觀看法,較高毛利的半導體業務也還是很好
: 尤其最後一題亞翔總仔回答時那個笑容往上勾的角度讓我對股價更有想像
: 在手訂單1280億也是鐵錚錚的事實
: 公司對於後續不論是半導體還是公共工程的接單都持續樂觀看待
: 前三季EPS達到7.85  全年再更保守估計算15
: 以往年配息率8成來看  明年配息也有機會來到12元  回推7%高股息股價就是170元附近
: 最近增資和發行可轉債,金額不大對於股本稀釋微乎其微
: 可轉債的轉換價目前訂再172.5 ,簡單的說只要未來股價大幅飆過去172.5,
: 可轉債都換成股票後公司就不用還錢了,
: 不少投顧更是常常喊站上轉換價就先看兩倍目標價,當然這部分就參考而已
: 所以公司派說出美好的前景 + 高股息殖利率 + 可轉債轉換價172.5的三重保護下
: 我認為進可攻退可守
: 前陣子各種黑馬股亂竄
: 昨天全球的希望-台積電對於今明年的看法讓市場信心服下一顆大補丸
: 有信心了就回頭把資金移到布局白馬股
: 相信在景氣的低點布局有前景 / 有殖利率 的好股波段應該期望值還不錯
: 比較看看漢唐 還有洋基工程
: 漢唐毛利率跟亞翔差不多 一季賺約6-8元  股價目前270附近
: 洋基工程毛利率高一點,一季賺約5-7元  股價目前325附近
: 我個人認為亞翔很有機會去爭老二 也就是股價250-350之間
: 技術面上橫盤區間整理,甩來甩去,就差個契機突破看能不能衝出去
: 籌碼面上個月內部人還有增加近千張持股
: https://imgur.com/gtgqz2a.jpg
: 4. 進退場機制：(非長期投資者，必須有停損機制。討論、心得類免填)
: 進場:我已經進場,172以我個人認為都是很棒的買點
: 停利:短線看250附近,有公布Q4季報或者自結再看情況長線跟著公司給出的訊息和營收走


自己回一下

從法說後洗了幾趟超典型的區間今天慣性稍微改變也盤中再次創高

整體基本面看法不變

特別的是今天聯電法說提到資本支出逆勢增加一成 (如圖

今天沒有去聽聯電的,如果有聽到資本支出相關更詳細的大大歡迎指教

但就數字看來我自己認為對亞翔來說應也是一大利多

https://imgur.com/ZzHK6Ao.jpg


今天主力外資持續回頭站買方

反而又洗掉一批人

我自己也當沖一趟吃點豆腐

雖然收長上影線但對後勢看法不變還是抱有信心

可轉債市況也還算熱絡,換算回現股目前也溢價不少

看法依然是去跟漢唐和洋基工程比價



去年封關後開紅盤也是從""白馬族群"" 重電標案類開始各種大戶資金一直灌入

所以沒意外封關就持續抱著自己手上認為的幾檔白馬股等待行情!

等待財報和營收數字出來!

--
※ 發信站: 批踢踢實業坊(ptt.cc), 來自: 114.41.160.113 (臺灣)
※ 文章網址: https://www.ptt.cc/bbs/Stock/M.1706710587.A.C55.html
推 tangqingcai : 推推 感謝標的 01/31 22:23
推 Scorpio777  : 感謝分享 01/31 22:24
推 iiiey       : 推 01/31 22:27
→ n946        : 感謝分享 01/31 22:28
推 l25283015   : 推 01/31 22:30
噓 julian7862  : 已上車 低調 01/31 22:32
噓 opkl13006   : 今天的山頂好冷嗚嗚嗚嗚嗚995 01/31 22:34
推 gto37513    : 衝一波 01/31 22:36
推 ohsexygirl  : 資本支出會不會是設備而不是廠房 01/31 22:46
推 ohsexygirl  : 嗯，看法說memo好像偏設備 01/31 22:56
推 littenVenus : 白馬王子的主力啾啾窩（抱大腿 01/31 23:03
推 XDXD666     : 低調…. 01/31 23:31
推 st87389     : 這主力線畫得真好 01/31 23:54
推 bowlling    : 興櫃的和淞今天也大噴發 02/01 00:39
噓 davidaustin : 山頂好冷 02/01 09:34
→ owen810829  : 看看可轉債開盤的超大量吧,後面肯定有故事! 02/01 09:55
推 davidaustin : 可轉債第一天都會爆量吧 02/01 10:32
→ littenVenus : 原來是可轉債的關係=.= 那窩要拿獎金來加碼 02/01 10:46
→ owen810829  : 錢是聰明的,雖然第一天會爆量正常,但這量真的大 02/01 11:04
→ opkl13006   : 但老哥你好玄XDD 02/01 14:39
→ opkl13006   : 上次你文發完馬上開A,這次也是XDDD 02/01 14:39
→ owen810829  : 真的,發的標的都鳥鳥的,沒發的噴出去 XD 02/01 15:45
→ imlucky     : 股版壞人多 02/01 16:28
推 XDXD666     : 彎腰撿鑽石 02/01 17:21
→ kuluya997   : 又被壓回區間整理 02/01 18:56
推 vKHip       : 別再發了 真的 02/02 12:29
噓 davidaustin : 低調，這兩天走一走就跌倒(暈 02/02 14:26
",Wed Jan 31 22:16:25 2024,27,4,14,10,9,Re標的
3499,[標的] 3499環天科（多）,M.1706711984.A.591,https://www.ptt.cc/bbs/Stock/M.1706711984.A.591.html,imlucky,"作者imlucky (~~~decade~~~)看板Stock標題[標的] 3499環天科（多）時間Wed Jan 31 22:39:42 2024


1. 標的： 3499 環天科

2. 分類：長多

3. 分析/正文：
營收有越來越好趨勢，做GPS的公司，營收長期低靡，去年12月營收創整年新高，去年一月
營收新低，等待今年一月營收公，這支上次公布財報利多就是開盤鎖，籌碼穩定。1月八號
跳空缺口始終沒有下來補，表示主力防守決心，日線5 ，10，20日均線糾結，隨時準備向上
攻擊。


4. 進退場機制：23以下無腦買，30停利


PS:這支不能做當沖喔！！

--
※ 發信站: 批踢踢實業坊(ptt.cc), 來自: 223.139.20.251 (臺灣)
※ 文章網址: https://www.ptt.cc/bbs/Stock/M.1706711984.A.591.html
→ YesNoter    : 想問問gps的話 5348怎麼看呢 01/31 22:50
→ imlucky     : 5348成交量太少了 我不碰 01/31 22:58
→ YesNoter    : 好 謝謝lucky大 01/31 22:58
→ kevin10449  : 讚 有眼光 01/31 23:04
推 ck780910    : 小老闆開凱燕gts 01/31 23:15
→ bigbaixiong : 印象中是19以下無腦買 01/31 23:30
推 chinaeatshit: 上一家類似的好像叫長天 01/31 23:52
噓 ProJ        : 這支超鳥 02/02 09:59
→ imlucky     : 年後你再來看好嗎 02/02 12:27
",Wed Jan 31 22:39:42 2024,9,1,2,1,6,標的
1733,[標的] 1733.TW 五鼎 中長多,M.1706713691.A.358,https://www.ptt.cc/bbs/Stock/M.1706713691.A.358.html,kevin10449,"作者kevin10449 (鹽酥雞)看板Stock標題[標的] 1733.TW 五鼎 中長多時間Wed Jan 31 23:08:09 2024
-------------------------------------------------------------------------
1.發標的文未充實內文，多空理由不充實者，板規1-1-5或4-4處份
2.進退場機制若非長期投資，請輸入停損價，否則依板規1-1-6處份
3.請依格式輸入內容，未依格式者板規1-1-2砍文處份。

標題請使用以下格式：股號.市場碼+股名+分類 (市場碼：TW US HK CN JP KR...)
                 ex [標的] 2330.TW 台積電 長期不停損多
                 ex [標的] TSLA.US 特斯拉 馬斯克火星多

---------------------按ctrl+y 可刪除以上內容。----------------------------

1. 標的：1733.TW 五鼎

2. 分類：多

3. 分析/正文：

1.根據新聞，協助義大利客戶開發CGM,有望於今年開始貢獻營收

2.最近在季線附近可以斟酌建立部位

4. 進退場機制：(非長期投資者，必須有停損機制。討論、心得類免填)
進場：33.3元

停損：30元

--
※ 發信站: 批踢踢實業坊(ptt.cc), 來自: 111.82.172.187 (臺灣)
※ 文章網址: https://www.ptt.cc/bbs/Stock/M.1706713691.A.358.html
推 imlucky     : 線型不錯欸 感謝提供 01/31 23:10
→ imlucky     : 大概還有10-15趴空間 01/31 23:14
推 empirica    : 00733持股 02/01 05:43
推 aika5512308 : 怎麽沒人看壞，要有噓文才會漲 02/01 06:25
推 hifone112   : 慘 02/02 13:39
",Wed Jan 31 23:08:09 2024,5,0,4,4,1,標的
0087,[標的] 00878季配0.4刻意超越每月0.13,M.1706698591.A.336,https://www.ptt.cc/bbs/Stock/M.1706698591.A.336.html,the311150,"作者the311150 (the311150)看板Stock標題[標的] 00878季配0.4刻意超越每月0.13時間Wed Jan 31 18:56:29 2024

1. 標的：00878

2. 分類：討論

3. 分析/正文：


https://cwapi.cathaysite.com.tw/uploads/07cathaynews__online/5279.pdf

00878這季剛公布配0.4 大概1.85%（年化7.4%
剛剛好超過929的每月0.13一點點，感覺火藥味很濃XD
929用月配0.13來算的話年化大概8.4%
不確定未來還能不能一直穩定0.13

929錯過19.5的高峰就回不去了QQ
單壓科技業有吃到一波AI紅利，但近期好像有點疲軟
打算把之前買的929一半獲利了結掉換878或919
878 or 919 該怎麼選啊

4. 進退場機制：(非長期投資者，必須有停損機制。討論、心得類免填)




--
※ 發信站: 批踢踢實業坊(ptt.cc), 來自: 101.137.90.229 (臺灣)
※ 文章網址: https://www.ptt.cc/bbs/Stock/M.1706698591.A.336.html
推 lucky466    : 平、左 01/31 18:58
→ Paul1021    : 左、右 01/31 19:00
推 apolloapollo: 上 下 01/31 19:01
推 zerro7      : 龐 鼠 01/31 19:02
噓 jjjjjjs     : 凡哥子孫 01/31 19:02
推 GULVBU00    : 919持有最多的長榮感覺差不多了 我會選878 01/31 19:03
→ biojo       : 說的好像想配多少就多少 金管會都嗆要開始管制了 01/31 19:05
→ Kayusumi    : 56878713均攤 01/31 19:06
噓 la8day      : 凡哥 出來 打球 01/31 19:09
噓 F93935      : 都差不多的東西你不如買733 713 01/31 19:09
推 fg008kimo   : 睪 睪 01/31 19:10
推 livewater   : 會被6j逐出家門 01/31 19:10
噓 swgun       : 不可能年化是這樣 配息高來自於交易 價差而不是配 01/31 19:14
→ swgun       : 息 後面股票不漲高就沒這麼好 01/31 19:14
推 safetoy     : 878金融比重高，應該今年配息都會不錯？ 01/31 19:25
噓 jjjjjjs     : 哥 757隨便翻 資本利得就是高股息幾十年股息 01/31 19:26
→ jjjjjjs     : 只能呵呵祝福 01/31 19:31
推 abc0922001  : 投信發紅包給散戶們，讓散戶們過好年 01/31 19:32
推 s58565254   : 0056才是王道 01/31 19:33
→ abc0922001  : 過年大家聊天就能比拼高股息替自己加薪多少錢 01/31 19:33
推 edward4904  : 如果要穩、要長期持有的話就878，至少有經歷過多頭 01/31 19:34
→ edward4904  : 跟空頭年都算穩 01/31 19:34
推 panmomo     : 好像差不多……都是這幾隻…… 01/31 19:36
推 Buddy       : 別濫用年化 你講的年化是指現金殖利率 買高的人等空 01/31 19:39
→ Buddy       : 頭來的時候 你看年化會不會剩不到5% 01/31 19:39
推 a281393     : 選00919 01/31 19:45
推 hate56      : 菜雞互啄啦 01/31 19:49
推 gangboy     : 6丁怎麼老是留那幾句廢話 01/31 19:54
推 PTTpeter    : 買878才是穩 01/31 19:54
推 drpepperfish: 要不是6j在2022天天喊黃藍燈，恐怕很多人會提早套 01/31 19:57
→ drpepperfish: 牢 01/31 19:57
推 jjjjjjs     : 哥 去年 過年 天天喊 fang go go go 幾個人有聽? 01/31 19:58
→ jjjjjjs     : 買 00757 早就賺翻了 01/31 19:58
推 a0921830077 : 哥不是不買ETF嗎 01/31 20:00
推 e8530s      : 哥不是被子孫逐出家門了嗎？ 01/31 20:04
噓 med5566     : 股版怎一堆斜咖啊 01/31 20:05
推 on32        : 月配月多 猛阿 7%以上賺翻 01/31 20:13
推 pecst10     : 如果目的是要長期穩定現金流就878 01/31 20:19
推 doasgloria  : 凡哥 01/31 20:19
推 Ilou        : 919正姐 01/31 20:20
推 a84452321   : 878配0.4蠻猛欸 0.27->0.35->0.4 複製貼上再加碼 01/31 20:25
推 leveger0903 : 國泰投信可以推一個月月配ETF跟929對打 人家元大都 01/31 20:35
→ leveger0903 : 計畫推940月月配了 01/31 20:35
推 benptt      : 都買，沒有這個問題 01/31 20:37
→ benptt      : 我有56/878/713/919/929... 01/31 20:37
→ benptt      : 跟一堆債券 ETF 01/31 20:38
→ benptt      : 然後，哪個跌的多就補哪個... 01/31 20:38
推 AMG72       : 左欺右扒扒欺扒最終還不是都買56 01/31 20:39
推 winxp999    : 00940 01/31 20:44
→ benptt      : 重點是買好質借的，低點再借出來抄底~~XD 01/31 20:48
推 bing6715    : 買etf搞的短線操作 笑死 01/31 20:55
噓 funguy0202  : 要配息又要價差換股給噓 01/31 21:03
→ Kayusumi    : 18買的929 19.5左右受不了就出完了，後來再玩了18.9 01/31 21:21
→ Kayusumi    : -19.2，最近又回來蹲惹 01/31 21:21
推 cetus       : 919現在長榮+聯電20%，換股前績效很難多好 01/31 21:37
推 jjtt0428    : 我打算買00999大家說好不好 01/31 21:43
推 breek537    : 年終沒漲 878配息倒是漲了15% 01/31 21:54
推 s1001527    : 0056+00878+00713 有閒錢加買00919 01/31 22:50
推 allen12126  : 不如買00757 01/31 22:52
推 pikkcy      : 感覺這波完全是針對929來的 0.4真的香 01/31 23:23
推 hectorbibby : 878:我第一不發威當我病貓 02/01 18:34
推 limi306306  : 當然是選配比較多的啊，00919正解 02/01 18:37
",Wed Jan 31 18:56:29 2024,62,7,38,31,17,標的
3543,[標的] 3543 州巧 ,M.1706718721.A.A18,https://www.ptt.cc/bbs/Stock/M.1706718721.A.A18.html,JukeFF,"作者JukeFF (JukeFF)看板Stock標題[標的] 3543 州巧 時間Thu Feb  1 00:31:59 2024
1. 標的：3543 州巧

2. 分類：多

3. 分析/正文：

主要業務做TFT-LCD沖壓零件的, 業務佔比6成光電/4成傢俱&醫療
去年Q2轉虧為盈, Q3毛利率創掛牌上市來新高
且與軸承廠新日興合資的越南廠已經開始投產, 法說上提到預計今年中開始獲利
州巧董座其一為新日興董事&總經理
新日興去年已開始起漲且看望今年營運, 州巧前陣子法說也看好今年營收成長雙位數以上
看不能能在新日興的光芒下吃點肉喝點湯
籌碼面上已有外資&某些分點陸續佈局, 千張大戶佔比也開始上升
目前股價26左右低於淨值31, 且1月K爆3年來大量, 看起來股價還有上升空間


4. 進退場機制：

目前股價回測10日線, 今日已進場10張
沿著10日/月線進場

停利短期看回到淨值上, 長期看過掛牌以來高點34.65
跌破25視情況停損





--
※ 發信站: 批踢踢實業坊(ptt.cc), 來自: 118.150.187.129 (臺灣)
※ 文章網址: https://www.ptt.cc/bbs/Stock/M.1706718721.A.A18.html
→ fakelie     : 巧州巧州得第一! 02/01 00:32
推 imlucky     : 之前同學會有人推 噴一段過了 不知道還有沒有26以 02/01 00:44
→ imlucky     : 下可撿 02/01 00:44
推 gc1319      : 推 02/01 00:48
推 tw77769     : 很聰明的台語 02/01 01:19
推 chengking   : 第一檔認賠殺出的股票QQ 02/01 01:58
噓 st87389     : 低調… 02/01 07:06
推 a6976933    : 妖股 02/01 08:18
推 kaneka      : 選得不錯 02/01 08:37
推 yangbaobao  : Ptt法人….. 02/01 09:51
噓 kobebird    : 低調上車… 02/01 09:58
推 qzwx1212    : 這檔不錯，可以期待今年表現 02/01 10:11
推 peace000    : 準備漲停 02/01 10:57
推 Scorpio777  : 噴出 02/01 11:00
",Thu Feb  1 00:31:59 2024,14,2,10,8,2,標的
2812,[標的] 2812 台中銀 樂透多！！,M.1706750580.A.BE8,https://www.ptt.cc/bbs/Stock/M.1706750580.A.BE8.html,LeMirage2000,"作者LeMirage2000 (幻象高高飛)看板Stock標題[標的] 2812 台中銀 樂透多！！時間Thu Feb  1 09:22:57 2024
昨天看到董A豪車滿堂，
今天決定零用錢跟風投資台中銀！！！！


雖然沒有辦法讓我買豪車，
但是看能不能幫我多買幾台TOMICA小汽車！！！


自己的零用錢不怕太座不給買！！！
男人的尊嚴靠王董~



進場：今早14.9

離場：明天抓個良辰即時不管多少直接跑！


發文附圖
https://i.imgur.com/NVty9mI.jpg

----
Sent from BePTT on my ASUS_AI2202

--
※ 發信站: 批踢踢實業坊(ptt.cc), 來自: 220.142.71.202 (臺灣)
※ 文章網址: https://www.ptt.cc/bbs/Stock/M.1706750580.A.BE8.html
→ YesNoter    : 有單! 02/01 09:23
推 lf2net4589  : 你會輸 02/01 09:24
推 IrvingKyrie : 被挪了十億現在才發現 財報可能也是未爆彈.. 02/01 09:25
推 jc761128    : 推有單 隔日沖想玩就玩!!! 02/01 09:25
→ jceefailurer: 大家一起開跑車 02/01 09:25
推 smallfox1215: 不敢說你會贏，至少不會輸 02/01 09:25
推 GuaLee      : 買一張長期投資哈哈 02/01 09:26
推 Isopod      : 剛剛15.25沒跑喔？ 02/01 09:26
推 tomdavis    : 董事長買一整排豪車 股東應該也能買玩具車 對吧!! 02/01 09:27
噓 neowfish    : 才一張，笑死 02/01 09:27
推 backpacker18: 可以了 02/01 09:28
→ backpacker18: Tomica能買兩台了 02/01 09:28
推 uller       : 內控失靈 裡面不知道還有什麼 02/01 09:28
推 lf2net4589  : 三大會計一定把帳列的乾淨好嗎？挪的那十億早就攤提 02/01 09:28
→ lf2net4589  : 掉了，銀行每年隨便幾百億淨利，花個十億租賃怎了？ 02/01 09:28
→ lf2net4589  : 八成是零用金沒主動給夠 02/01 09:28
→ YLTYY       : 你會贏 風頭過就漲回來了 02/01 09:29
推 Smile365Day : https://i.imgur.com/vATgqd8.jpg 02/01 09:29
推 mp32283228  : 你老師才一張 02/01 09:29
→ Smile365Day : 甜甜價不買嗎 02/01 09:29
推 Cheng2042   : 要時間 02/01 09:30
噓 alex5566    : ......... 02/01 09:30
噓 jumpballfan : 才一張是三小 02/01 09:32
推 smx82625    : https://i.imgur.com/OWmxqLT.jpg 02/01 09:32
推 seuil       : 下好離手 02/01 09:32
推 harpuia     : 10億說不定是頭，後面還有多少? 02/01 09:32
推 xninjax     : 你會贏 02/01 09:32
→ pnsboy      : 中信辜挪用90億也是好好的還組棒球隊洗白 02/01 09:33
→ frank01     : 公司租賃車私用很普遍,只是這個太高調了 02/01 09:34
推 ebeta       : 10億只是剛開始，後續還有的爆XD 02/01 09:34
推 chinaeatshit: 10幾億對銀行來說就跟你口袋的零錢一樣 這支跟本送 02/01 09:35
→ chinaeatshit: 錢的 02/01 09:35
推 ship1228    : 一張不要鬧了== 02/01 09:37
噓 nutrino     : 一張是要塞鼻孔嗎? 02/01 09:38
→ bnn         : 大家只關注董仔 ""另有19嫌犯交保"" 共犯還有人 02/01 09:39
→ b9513227    : 1張你回去跑外送好嗎 02/01 09:42
推 humbler     : 快拉回平盤了 恭喜 02/01 09:43
推 n19881112   : 你會贏幾台車車 02/01 09:43
→ LeMirage2000: 不是啦，就拿一點零用錢跟風玩一下，我就苦悶勞工Q 02/01 09:44
→ LeMirage2000: Q 02/01 09:44
推 lf2net4589  : 看今天五檔就知道有人在吃貨，到底要怕什麼？大不了 02/01 09:44
→ lf2net4589  : 歸零而已 02/01 09:44
→ LeMirage2000: 買TOMICA沒人權嗎？QQ 02/01 09:44
推 sixkeeper   : 我還沒上車！！！再拉回14.x給我個機會吧 02/01 09:45
推 lulu1305174 : 你會贏 02/01 09:46
推 Crushredkiss: 今天買的都是賺價差的吧 14.85買 15.15跑 02/01 09:46
噓 strong66    : 老一輩有提醒 有問題的公司 小心變壁紙 02/01 09:47
推 b70103      : 一張也不用跑了拉 當樂透 02/01 09:48
→ jerrylin    : 第一根給你接  我多等幾天 02/01 09:49
推 jokem       : 這把我不跟 02/01 09:50
推 lucky466    : https://i.imgur.com/DlOltWV.jpg 02/01 09:50
→ lucky466    : 今天買的，存股 02/01 09:50
推 ssaamm810130: 早上就是最後加碼時機 02/01 09:51
推 mopa        : 幾年前的事也拿來當新聞，這種利空就是給人加碼的 02/01 09:54
→ ant9643     : 有夠甜 02/01 09:54
推 aids2       : 會計事務所又不是吃素的…. 02/01 09:58
推 michang64   : 15接了100張 02/01 09:58
→ michang64   : 一年領個7-8萬可以啦 02/01 09:58
→ michang64   : 身上現金不夠 02/01 09:58
→ michang64   : 不然想200張 02/01 09:58
→ michang64   : 等了好久 02/01 09:58
→ aids2       : 發生什麼事都是已經發生的事 02/01 09:58
推 kobed       : 會贏喔 02/01 09:58
→ aids2       : 這種事情被抓出來 表示實際獲利能力更好吧 02/01 10:00
推 moike22     : 送分題不能叫樂透好嗎 02/01 10:00
推 splendidpoem: 要抄底沒問題，只要反映利空的這根K線不要跌破就好 02/01 10:00
→ splendidpoem: 。既然風險在進場時已能預估，就不可能有大賠的結 02/01 10:00
→ splendidpoem: 果了。 02/01 10:00
→ splendidpoem: 很簡單的道理：今天會賣的，必然是資訊傳播鏈中最 02/01 10:00
→ splendidpoem: 末端的人。在資訊傳播鏈前端的人，要賣的早就趁價 02/01 10:00
→ splendidpoem: 高時賣了，不賣的也不會等全市場都知道消息後才賣 02/01 10:00
→ splendidpoem: 。 02/01 10:00
→ splendidpoem: 如果大家都在賣而沒人買，那在供大於求的失衡狀態 02/01 10:00
→ splendidpoem: 下，理論上應該是無量跌停。既然爆大量，那就代表 02/01 10:00
→ splendidpoem: 同時有人在買。 02/01 10:00
→ splendidpoem: 沒人知道大買的是有企圖的集中資金或是想抄底的零 02/01 10:00
→ splendidpoem: 散資金，但買到天量就代表多頭資金的短線成本已經 02/01 10:00
→ splendidpoem: 暴露了。不管它後續有沒有足夠的力量往上拉，只要 02/01 10:00
→ splendidpoem: 沒有跌破它的短線成本就代表它還在發力，那慢慢看 02/01 10:00
→ splendidpoem: 戲就好。而如果跌破了，虧損的風險也不多。 02/01 10:00
→ an0215      : 就算漲 你壓一張怎麼樂透多？ 02/01 10:00
噓 yu7038      : 一張就不用po了 02/01 10:03
推 MirrorYang  : 近三年 每年發1x億 現金增資 2x億 02/01 10:03
推 starport    : 唉 才買幾張又被一堆口嫌體正直的抬上去 幹 02/01 10:03
→ MirrorYang  : 看留言 說有錢發 怎麼會有問題 ??  黑人問號?? 02/01 10:04
推 playbos     : 跟兩張 02/01 10:05
→ MirrorYang  : 沒出事沒問題 恭喜大賺   有問題自舔傷口 02/01 10:06
噓 keigo800004 : 毒刺已拔除，開噴了！ 02/01 10:10
推 k543k5      : 買啦 哪次不買 https://i.imgur.com/0TZb8hz.jpg 02/01 10:11
→ LeMirage2000: 對不起，我只有那麼多零用錢。 02/01 10:11
推 ptolemy2006 : 哇好多勇者 02/01 10:11
推 ssaamm810130: 爆大量 反正沒破底就繼續放 02/01 10:11
推 bala045     : 成本才7元 管他發生啥 02/01 10:15
→ tenghui     : 我OK你先中 02/01 10:15
→ iamaq18c    : 不用考慮位階問題 發生這種事去跌到年線 買就對了 02/01 10:16
→ icecubes    : 有問題的東西不要急著鑽進去 02/01 10:17
推 sam2255     : 年線有買到的不錯現在就算了 02/01 10:17
→ wirecut     : 一張… 02/01 10:17
推 chinaeatshit: 除非連事務所都幫忙做假帳 不然這淨值買了又不會輸 02/01 10:23
→ chinaeatshit: 最好是越爆越大 掉鑽石給你撿 02/01 10:23
推 Domtoretto  : 都說跌就撿 有毛病嗎 02/01 10:24
推 MediaPlayer : 等著看會不會回平盤XD 02/01 10:26
推 Focus788    : 2024多了這10億  肯定股價要再更高的吧 02/01 10:27
推 s56565566123: 贏麻了 02/01 10:30
→ jerrylin    : 想從14接到12的現在就可以開始接 02/01 10:32
→ jerrylin    : 會多少止跌沒人知道 02/01 10:32
推 lucky466    : https://i.imgur.com/H4GR6d6.jpg 02/01 10:33
→ lucky466    : https://i.imgur.com/Kpe6HYn.jpg 02/01 10:33
→ lucky466    : https://i.imgur.com/yQi39DS.jpg 02/01 10:34
推 Cheng2042   : 反指標ptt 02/01 10:35
推 lucky466    : 今天衝的 02/01 10:35
推 macinwould  : 你贏了 02/01 10:38
推 pudge       : 作短可以啦，長期的話 經營層會亂搞真的不敢壓多 02/01 10:38
推 iamaq18c    : 一堆人講那麼多 破年線買都現賺不少了 送分題 02/01 10:40
→ bear2008    : 賺爛了 賺爛了 02/01 10:41
推 huabandd    : 點位買的很漂亮XD 02/01 10:43
→ huabandd    : 目前15.4，一張賺466左右 02/01 10:44
推 Smile365Day : 如果今天拉回平盤再加上看到法人有大買，我覺得明 02/01 10:45
→ Smile365Day : 天那些賣掉的散戶會買回來，看看近期有沒有機會回 02/01 10:45
→ Smile365Day : 到16 02/01 10:45
→ huabandd    : 成交量有71694，開盤就13221張了，真的是別人恐懼 02/01 10:46
→ huabandd    : 我貪婪最佳示範 XD 02/01 10:46
噓 keigo800004 : 看來""PTT法人""進場抬轎了！ 02/01 10:46
推 xlunarx     : 恭喜賺小車車 02/01 10:46
推 michang64   : https://i.imgur.com/lSzJPCj.jpg 02/01 10:46
→ michang64   : 五檔誰手骨這麼粗？ 02/01 10:46
推 clusis      : 真愛賭 02/01 10:48
推 michang64   : 我記得瑞銀不是15元多 02/01 10:49
→ michang64   : 買台中銀 02/01 10:49
→ flyingdeeck : 看了一下德信跟謝X樑的關係，好險沒碰：） 02/01 10:51
推 playbos     : 15.35賣了 不知道誰買走了 @@ 02/01 10:59
→ sonygood    : 這種玩法，恐怕超貸可能才是最大未爆彈 02/01 11:00
推 bluezero000 : 每年增資給董座爽？ 02/01 11:03
噓 lysing12    : http://i.imgur.com/yLtzjbh.jpg 02/01 11:04
推 n555123     : 一張也是單啊，起碼拿自己的錢驗證想法了 02/01 11:04
推 biojo       : 富貴險中求 早上也14.95一張 長期投資 02/01 11:10
推 a58805082   : 利空出盡 就是買買買 02/01 11:13
推 numbtch236  : 才10億 我看還是很穩 02/01 11:15
推 yufat       : 大旱 02/01 11:19
推 Syd         : 財報是未爆彈欸 02/01 11:22
推 willisme    : 這個案子主要關係是周姓關係人之間的交易 02/01 11:26
推 jasonshieh  : 真的可以買小車車 02/01 11:29
推 gift1314520 : 今天都在出，滿滿緩跌 02/01 11:29
噓 strong66    : 有問題的公司 我不信主權基金不會出 02/01 11:36
→ chinaeatshit: 主權基金是三小  有八大長老兇嗎? 02/01 11:37
推 redsgm      : 別人恐懼我貪婪！ 02/01 11:43
推 madhate     :  https://i.imgur.com/zvWk20F.jpg 開盤怕爆沒買 02/01 11:47
→ s910211     : 根本送分題！ 02/01 11:49
推 xru04dk4    : 今天賣了1000張 02/01 11:55
推 xru04dk4    : 先穩住帳面獲利，如果沒事等除權息前再說 02/01 11:58
推 DCC1609     : 好少 至少也來個10張 02/01 12:00
推 kaube       : 我買一張 哈哈哈 看你這樣 我先跑好了 02/01 12:01
噓 aq2272353712: 傻傻的，不就邊出邊拉，一下全倒是跌停，分好幾天處 02/01 12:08
→ aq2272353712: 分掉，歷年銀行掏空沒一個好的~ 02/01 12:08
推 asiasssh    : https://i.imgur.com/a6I1cuq.jpg 是不是該跑了QQ 02/01 12:24
→ OhMyHair    : 真多有錢人 02/01 12:25
→ BruceChen227: 笑死 02/01 12:25
推 keith780902 : 恭喜賺錢 02/01 12:29
推 wseb        : Tomica一台日製都買不了..只能買買現行款 02/01 12:29
推 hip184184   : 送分題 不買是棒錘 02/01 12:30
推 axz123999   : 小跟300股 02/01 12:32
→ icome       : 來亂的？一張也敢po 02/01 12:43
→ jj782995    : 10億是抓到的,沒發現的還有嗎 02/01 12:52
→ geminirx    : 一張… 02/01 12:53
推 uevol123    : 掛跌停沒買到 02/01 13:05
推 backpacker18: asia大真猛 02/01 13:07
→ backpacker18: 今天想抄14.8沒抄到只抄到.85 02/01 13:08
推 teremy      : 先賣一半 02/01 13:16
推 indolentcat : 一天的量抵過一個月   到底是什麼妖術啦 02/01 13:26
推 stocktonty  : 有錢人超多 拿錢狂接 02/01 13:29
推 sunny8077616: 台中的銀行 台中人自己救 人民作頭家 一人一張買爆 02/01 13:34
→ sunny8077616: 台中銀 02/01 13:34
→ lluunnaa    : 人少的時候再來買 02/01 13:41
→ iusocute    : 一張別出來搞笑了好嗎 02/01 14:12
推 highken     : 1張是出來亂的嗎？一張po出來幹嘛 02/01 14:31
→ DareJ       : 搞錯了 是你的錢給他買車 02/01 14:33
推 michang64   : PTT法人 02/01 14:34
→ michang64   : 台中銀目標16 02/01 14:34
→ michang64   : 買進 02/01 14:34
推 michang64   : 身為PTT法人 02/01 14:35
→ michang64   : 不管零股一張或100張 02/01 14:35
→ michang64   : 都要買進 02/01 14:36
推 ant9643     : 台中人支持台中銀 02/01 14:38
→ david9066011: 你會贏 何況收盤都比你買進高了 02/01 15:09
推 mopa        : 今天剛領到年終就全進台中銀(贏)了 02/01 15:45
→ fywei       : 先回10塊再說 02/01 15:55
→ DareJ       : 貴 之前說過 施走會跌 02/01 16:23
推 shomingchang: 沒跌停不買 02/01 17:26
推 KarlMarx    : 哭阿，還以為會跌個一根好撿便宜。 02/01 19:36
推 watchmeisyou: 現在應該符合“好公司出事是買進的好機會”吧 02/01 21:42
→ invidia     : 丸子 02/02 00:42
→ madhate     : 你贏了 02/02 13:32
→ LeMirage2000: 變現去看小車車~~ 02/02 14:22
",Thu Feb  1 09:22:57 2024,193,11,97,86,85,標的
0,[標的] 穩懋多,M.1706687742.A.CF9,https://www.ptt.cc/bbs/Stock/M.1706687742.A.CF9.html,sean25341812,"作者sean25341812 (小郁)看板Stock標題[標的] 穩懋多時間Wed Jan 31 15:55:39 2024

1. 標的：3105.TW 穩懋

2. 分類：多

3. 分析/正文：
        WIFI 7 AI手機 題材 基期低 轉虧為盈 最壞已經過去
4. 進退場機制：250停利 不停損

https://i.imgur.com/3oaf2WY.jpg

--
※ 發信站: 批踢踢實業坊(ptt.cc), 來自: 49.216.222.67 (臺灣)
※ 文章網址: https://www.ptt.cc/bbs/Stock/M.1706687742.A.CF9.html
※ 編輯: sean25341812 (49.216.222.67 臺灣), 01/31/2024 15:56:01
推 richer23    : 穩套 01/31 15:55
→ sean25341812: 再來挑戰一次 01/31 15:56
推 pat1006     : 穩 01/31 15:56
推 nash1314    : 穩穩的套著 01/31 15:57
噓 s910612     : ？？？ 01/31 15:57
推 xliu        : 全新比較好，之前被投信出貨完畢穩定往上中。 01/31 15:57
推 bpq302302   : 穩穩的 01/31 15:58
推 chewthelife8: 穩套可在江湖上不是浪得虛名的 01/31 15:58
噓 huaiken     : 不如8086 01/31 15:58
推 kingkehor   : 穩套不是浪得虛名的 01/31 15:59
推 cmuse       : 新人殺手 多空雙巴魔王 01/31 16:00
→ MOMO0478    : 穩套 現買現套... 01/31 16:03
推 iamaq18c    : 穩套還來.... 01/31 16:03
推 a6976933    : 直接立積了 01/31 16:05
推 Supermanss  : 陳進財 還我錢 01/31 16:06
推 twerk       : 8086真的比較好 01/31 16:07
推 stupidboyu  : 讚哦 洗了再上 這次穩賺 01/31 16:08
→ Scorpio777  : 不如買立積 01/31 16:09
→ tctv2002    : 陳進財的公司不要碰  會很慘 01/31 16:09
推 bdbddbdb    : 穩套 01/31 16:11
推 Eyrie       : 每次想到菜鳥如我居然在穩懋賺過錢 就覺得誇張 01/31 16:12
推 lyle60317   : 媽的已套 01/31 16:12
推 fegat       : 兩年前IC設計在飆的時候買哪隻都賺錢 01/31 16:13
推 eric112     : 我也想買了 01/31 16:13
→ cjo76223    : 穩套我大哥 杰哥 01/31 16:14
→ cjo76223    : 全新算什麼 01/31 16:14
推 n132320000  : 也是東巴系列的 01/31 16:16
推 Kobe5210    : 曾經400元的穩懋 01/31 16:17
噓 Majorjohnny : 發來幫你抬轎？ 01/31 16:17
推 h3126187    : 急了 01/31 16:19
→ mayeve      : 你是不是想套 01/31 16:21
噓 Boxun0404   : ？？？ 01/31 16:24
→ tttt0204    : 有單給推 01/31 16:25
推 bj45566     : 你套定了 01/31 16:26
推 tenghui     : 穩套 01/31 16:27
→ TsmcEE      : 這隻套過我七位數 我想起來都怕 01/31 16:29
推 lepidoptera : 陳進財 還我錢 01/31 16:30
推 fuhoho      : 抄底！抄底！ 01/31 16:31
→ demangel    : 穩穩的 01/31 16:32
→ js70864444  : 我這邊加空對做一張 01/31 16:34
推 zen0812     : 回測130沒破再買 之後就會急拉！ 01/31 16:41
推 xephon      : 穩套 01/31 16:42
推 house911    : 穩套 多  ? 01/31 16:43
→ j198811     : 沒被穩套套過別說你玩過台股 01/31 16:48
推 xonba       : 這支要一定買  台股交學費好股  穩套不是叫假的 01/31 16:48
→ hate56      : 這支 學費概念股 01/31 17:01
推 lweis       : 完了 才說穩套很難玩 洗到脫皮 01/31 17:04
→ fatb        : 最壞已經過去 01/31 17:12
→ brain9453   : 套昏 01/31 17:37
推 djviva      : 穩套，智崩，還有什麼是新手必經之路？ 01/31 17:54
→ sean25341812: 旺宏 01/31 17:56
噓 wen456789   : 自從師公說大到不能倒就快倒了 01/31 18:00
→ wen456789   : 比f咖還猛 01/31 18:00
推 spring7031  : 套了快兩年 01/31 18:02
推 p20770299   : 看推文唱衰就知道可以進場了！ 01/31 18:06
推 pean1204    : 不錯喔 成本跟我差不多 01/31 18:09
推 youbo0627   : 穩套 旺綠 華崩電  新手村 01/31 18:23
推 a0923213533 : 這個題材 你值得更好的 立雞 犬新 紅節課 01/31 18:25
推 Cliffx      : 根本不會漲 01/31 18:26
→ badguy227   : 這檔不是跑去中國養豬了嗎？ 01/31 18:41
推 badguy227   : https://i.imgur.com/F9Boe5y.jpg 01/31 18:43
→ badguy227   : https://i.imgur.com/n902oDH.jpg 01/31 18:43
推 wokao269    : 築底很久了，差不多要反應 01/31 19:13
推 gynd31517   : 哇靠 你買這擋是怎麼賺錢的啊 好猛 01/31 19:41
推 ian9510     : 穩套？ 01/31 20:03
推 postpone    : 300均價路過，記得幫我燒香 01/31 20:15
推 thetide0512 : 穩套就是當你用技術來分析時就會刻意摔一跤 01/31 20:27
推 miracle7644 : 認賠殺出了啦。等他跌到110再考慮 01/31 20:42
推 wolfram     : 這個MACD怎麼看都是電梯往下,有單給推 01/31 20:45
推 bensonliu   : 保重 01/31 21:18
→ stonecold123: 我看400 01/31 21:24
推 worshipyou  : 發文當你的接盤俠，笑死 01/31 21:34
推 onstar      : 我還真的買過400以上，還好有跑 01/31 21:57
推 gc1319      : 推文真壞 01/31 22:20
推 guanting886 : 進財是怕你亂花錢 跟媽媽紅包收起來一樣 以後會給 01/31 22:36
→ guanting886 : 你 01/31 22:36
噓 NotGiveUp   : 均價329 01/31 22:56
推 clamperni   : 這隻台股清流 越爛越跌 01/31 22:58
推 NotGiveUp   : 這隻對比EPS股價也是偏高 01/31 23:01
推 EdenEden    : 這支空軍最愛 01/31 23:04
噓 eztable     : 套 02/01 00:08
推 warren123   : 越爛越跌 清流 笑死 02/01 00:27
推 lweis       : 今天依舊擺爛了 笑死 02/01 12:40
",Wed Jan 31 15:55:39 2024,83,7,55,48,21,標的
0,[標的] 參加投顧的心得文,M.1706691496.A.8E1,https://www.ptt.cc/bbs/Stock/M.1706691496.A.8E1.html,UX6UFUW,"作者UX6UFUW (UX6UFUW)看板Stock標題[標的] 參加投顧的心得文時間Wed Jan 31 16:58:14 2024

1. 標的：安國、神盾      (例 2330.TW 台積電)

2. 分類：多/空/討論/心得

3. 分析/正文：
做台股很久了，其實這幾年浮浮沈沈
說真的研究很多技術籌碼營收
但各位也知道，台股就是越爛越噴
越好越跌，做到後面也沒信心
後來就當被騙(反正賠也夠多了)
就加入某特別姓氏的女老師

先講結論，其實投顧只是增加成功率
之前也有買高立刻套的
比方安格那時候100進
立馬跌到9x = =
但也有不錯的，比方最近的神盾安國

我有試著去研究神盾，安國等
結論就是這公司沒賺錢啊
但買了就是噴，噴了又噴

我有去靠北投顧看過
幾乎每個老師都被靠北過
我也問業務，為什麼老師不自己賺
千篇一律都說老師想帶更多人賺錢Zzzz

但不管如何
這次運氣算蠻不錯
不過剛看到自結數字這麼差 = =
我也在想是不是明天要出掉了

附上人權對賬單
老實說這次跟到是還蠻爽的
但我總覺得不可能天天在過年 = =
吐槽請不要太用力
https://imgur.com/a/m0K7anQ


--
※ 發信站: 批踢踢實業坊(ptt.cc), 來自: 61.227.193.251 (臺灣)
※ 文章網址: https://www.ptt.cc/bbs/Stock/M.1706691496.A.8E1.html
推 dahlia7357  : 有賺就是對的 01/31 16:59
→ n946        : 有賺錢就好 01/31 17:00
→ richer23    : 賺爛了 01/31 17:00
推 truelove356 : 強啊 難道要在那蹲50檔10年線永遠趴著的個股 01/31 17:00
推 michael0323 : 阮姨厲害 01/31 17:00
推 prostar     : 恭喜 01/31 17:00
→ michael0323 : 羨慕QQ 01/31 17:01
推 littenVenus : 好幾個老師都做神盾集團 團結力量大XD 01/31 17:02
推 OhMyHair    : 賺爛欸 01/31 17:02
推 opwin       : 神盾這種靠主力在拉的 有賺要跑 01/31 17:02
推 Aska0520    : 阮姨厲害 01/31 17:03
推 oLAVAZZAo   : ...真的只是成功率提高 華懋 欣新網都還沒起來 01/31 17:03
→ k102asdf    : 自己賺就沒公司資源可用了 還要盈虧自負 01/31 17:03
→ oLAVAZZAo   : 金麗科有跟到的也賺爛了 01/31 17:04
推 pttstock    : 恭喜賺錢 01/31 17:05
推 loat        : 賺爛了 已羨慕 01/31 17:06
推 tmc94       : 阮出道好久了 98年剛玩就知道她 01/31 17:06
→ wateryc     : 總比自己研究老半天業績不錯然後被倒爛破底好多了 01/31 17:09
→ wateryc     : ，台股真的是太好玩了 01/31 17:09
→ FatFatQQ    : 你是參加多少錢的會員 01/31 17:09
推 Mbappe10    : 團結力量大 錢多的說話 01/31 17:12
→ fatb        : 投顧就是懂得自己停損停利就好 他們報的都會動 01/31 17:13
→ fatb        : 只是往上往下不好說 01/31 17:13
→ fakelie     : 老蘇都說其他投顧帶你砍在低點 01/31 17:14
推 a82412      : 賺爛了 01/31 17:16
推 fuhoho      : 恭喜，好奇大大是怎麼選到這位老師的 01/31 17:17
推 gtoselina   : 其實噴很久了 若敢追高都有機會啊…看運氣 01/31 17:19
推 maye        : 參加投顧要錢嗎？我都參加PTT股板的不用錢，股板高 01/31 17:19
→ maye        : 手多！ 01/31 17:19
推 imlucky     : 我朋友跟老師 振發賺爆 01/31 17:19
→ Minihil     : 葉味 01/31 17:20
噓 Alwen       : 484投顧工讀生 01/31 17:20
推 shuo1010    : 做台股真的不能想太多 01/31 17:21
推 people01    : 業？ 01/31 17:22
噓 ERP2        : 以下開放跟到欣新網的會員哭爆 01/31 17:23
推 genius8407  : 參加一次會員不是好幾十萬嗎？ 01/31 17:24
推 Inland      : 神盾要先等空軍投降主力才會放啦  安心 01/31 17:25
推 Xenia1050   : 賺爛了 恭喜 01/31 17:25
噓 Yelich      : 說阮厲害我也是笑了 哲哲都比他厲害 01/31 17:25
→ ERP2        : https://168abc.net/tag/欣新網 01/31 17:26
推 gtoselina   : 要追高現在麗臺華城世紀研通都可以買啊，會不會洗 01/31 17:26
→ gtoselina   : 碗而已XD 01/31 17:26
→ ERP2        : https://i.imgur.com/RoLNDAa.jpg 01/31 17:27
推 tanchuchan  : 恭喜 01/31 17:27
推 oLAVAZZAo   : 欣新網真的慘 但富世達也是賺爛 01/31 17:28
推 OhMyHair    : 這名字聽起來就不妥 01/31 17:28
→ barry841120 : 隔壁都會有老屍流出摳訊 蠻好笑的 01/31 17:29
推 mutohchi    : 阮姨之前不是被騙財嗎XD 01/31 17:29
→ allen1988   : 別胡扯，阮應該贏對折，光line就能找出一堆持股套 01/31 17:29
→ allen1988   : 死的投顧也有人挺？ 01/31 17:29
推 fg008kimo   : 有人知道老蘇的實際成績嗎 01/31 17:31
推 flies0809   : 賺錢就是對的 01/31 17:32
推 natukage    : 跪了 跟投顧都可以翻倍 01/31 17:32
推 clamperni   : 真敢買 01/31 17:32
推 WD640G      : 神盾超多投顧在推 01/31 17:33
推 ezreal1315  : 小心摸到大鯊魚 見好就收吧 01/31 17:35
噓 Kobe5210    : 股板第一篇文章，就是推薦投顧？ 01/31 17:37
→ Kobe5210    : 笑死XD 01/31 17:37
→ barry841120 : 樓上同感 感覺蠻像工讀生的 01/31 17:37
推 abc0922002  : 去年買大盤漲31%，你加入投顧浪費一大堆錢等於內扣 01/31 17:38
→ abc0922002  : 費用超高的ETF 01/31 17:39
噓 Yelich      : 越看越像工讀生！ 01/31 17:39
噓 cityhunter04: 台股會漲不是看它好不好，是買的人多就會漲….. 01/31 17:45
推 webster1112 : 老師如果沒有坑殺客戶，我會覺得就是好老師 01/31 17:45
→ webster1112 : 至於何不自己賺？轉移風險，賣知識穩健！ 01/31 17:46
推 bear2008    : 阮姨都做妖股 恭喜賺錢 01/31 17:47
推 on32        : 投顧應該有五檔股票你只有秀兩黨 其他三檔股票呢? 01/31 17:49
→ on32        : 其他三黨套住的話 就沒賺這麼多 01/31 17:50
→ imlucky     : 之前賺振發 昨天他說買前鼎 01/31 17:51
→ imlucky     : 投顧老師的股票 強的很強 不過也沒有檔檔噴 有些也 01/31 17:52
→ imlucky     : 會被套 01/31 17:52
→ imlucky     : 一年六萬 01/31 17:53
噓 nuwai57     : 都是固定都會上非凡的 01/31 17:54
→ WEYNI       : 阮姨 跟 張國治同期的 看看多久了 01/31 17:55
推 tigerliao   : 怕貴的請參加老王 一個月最低只要999 01/31 17:55
推 f204137     : 最近妖股很強啊... 01/31 17:55
推 stocktonty  : 賺爛了賺爛了 01/31 17:58
推 pili0830    : 五樓正解 01/31 17:59
→ pili0830    : 投顧就結合主力啊，不然像世紀這種股票怎麼能這樣噴 01/31 18:00
噓 rayccccc    : 軟的業配太多了吧 01/31 18:00
噓 rayccccc    : 在閒聊洗一堆圖 01/31 18:01
推 shmim       : 怎麼賺怎麼去而已 靠自己吧 01/31 18:09
推 s56565566123: 強 01/31 18:09
→ purin3333   : 就是賭機率 追十檔漲停總能有一兩檔會有第二第三根 01/31 18:10
推 wemee       :  樓下加黃明松投顧 每天小雞雞一直噴 一直噴 一直噴 01/31 18:18
推 patri0052   : 提升成功率？我以為是反著做 01/31 18:18
推 youbo0627   : 恭喜轉爛 01/31 18:20
推 s7598261    : 信阮姨的不少…所以割起來也很快 01/31 18:24
推 cocopupu    : https://i.imgur.com/gy3l5HL.png 01/31 18:33
推 lpmybig     : 賺爛了 恭喜 01/31 18:34
→ cocopupu    : 阮的芯鼎不敢說哦 … … 01/31 18:34
推 fegat       : 誰能推薦你買30幾塊的安國 你該感謝他 01/31 18:35
→ fegat       : 現在都190了 01/31 18:35
噓 kennydog    : 安國蹲一個多月44賣掉就噴怒噓 01/31 18:36
推 cocopupu    : 信人去買三十多塊的安國的，不是瘋了就是傻了 01/31 18:41
→ cocopupu    : 正常人不會買那時間 01/31 18:41
推 sorc        : 恭喜！ 01/31 18:48
→ kmshy       : 軟姨工讀生之前狂貼圖被桶光 又來了嗎 01/31 18:54
推 cocopupu    : 叫阮秀一 下芯鼎啦 01/31 18:55
推 makestyle   : 殘念，我朋友真的3字頭叫買安國... 01/31 19:05
推 fhsf        : 恭喜賺錢，好重本欸 01/31 19:07
推 inconspicous: 軟姨最近好猛，之前講過的九X也飆起來了 01/31 19:16
推 clusis      : 夜路走多了總會遇到鬼 01/31 19:24
→ jalai       : 這篇出來就知道party is over 01/31 19:31
推 makestyle   : 話說怎麼沒人po行事曆?這檔這麼顧人怨哦 01/31 19:42
→ inconspicous: 沒賺到的人就只會酸而已呀 哈 01/31 19:42
推 a069275235  : #1bczDtHQ (StockPicket) 厲害了 你的姨 01/31 19:50
推 ian9510     : 我有跟到 材料180到1000^_^ 01/31 20:00
推 edward198791: 賺爛 01/31 20:27
推 dreamdds    : 有賺就是正義 01/31 20:44
→ loveponpon  : 阮怡的材料才是猛 01/31 21:11
推 stonecold123: 只推哲哲 節目看一陣子 神準到不行 01/31 21:23
推 imlucky     : 投顧他們就是強在產業分析 了解公司基本面 散戶只 01/31 21:42
→ imlucky     : 能看報紙 但它們的股票會好幾檔 01/31 21:42
推 chrisdx     : 我真的都跟著阮蕙慈買耶 01/31 21:49
推 toeic900    : 有心得有推 01/31 22:05
推 bogy26      : 完蛋 明天跌停鎖死到過年 01/31 22:29
推 Eric0524    : 朋友媽媽參加投顧一年80000，半年他說就賺回來了， 01/31 22:51
→ Eric0524    : 也蠻猛的 01/31 22:51
推 hypoge      : 敢追的人 總是能賺的 追高套牢的也不會上來說 02/01 00:14
推 TP62842UL3  : 妖股很大機率都是追來的，敢不敢追的問題 02/01 00:43
推 kopolo      : 還在找不錯的老師 02/01 05:20
→ tinybunny   : 價錢是一年嗎?窩還以為是一個月 02/01 07:10
→ ej03xu3     : 投顧老師穩賺你的會費 他們何樂而不為 02/01 07:59
噓 ginwer      : 算命的講十件事情中你一件事情你就覺得準得要命 02/01 08:25
推 diablolove  : 只有羨慕 02/01 09:57
→ u97127011   : 阮這真的很猛 02/01 14:10
→ fatb        : 其實根據我的觀察投顧大多數都在出貨 只是他們無法 02/01 20:15
→ fatb        : 預期市場追價力道 一拉上去出給會員沒想到大家搶買 02/01 20:15
→ fatb        : 也就是比較常講的主力換手 02/01 20:16
→ fatb        : 另一種情況就是自己當主力 會員齊買的力道很兇猛的 02/01 20:16
",Wed Jan 31 16:58:14 2024,131,11,73,62,47,標的
0,[標的] GOOGLE.US AMD.US 回檔長投 討論,M.1706654472.A.F61,https://www.ptt.cc/bbs/Stock/M.1706654472.A.F61.html,andylu1207,"作者andylu1207 (andylu1207)看板Stock標題[標的] GOOGLE.US AMD.US 回檔長頭投 討論時間Wed Jan 31 06:41:10 2024
1.標的：GOOGLE.US , AMD.US
2. 分類：討論
3. 分析/正文：
Google 財報亮眼 但廣告收入不符合預期 --＞崩
AMD 財報平平 且forecast沒有合乎預期 --＞崩
隔壁的Microsoft跟NVDA盤後也快-2%
現在關於AI的消息或是增長讓華爾街疲乏了, 越來越看不懂了...
看這態勢AI股可能大回檔連動美股大盤下跌
還記得上次Google財報後-13%接著創新高
按照這態勢這幾隻優質股是不是等回檔該開始慢慢接刀了 ？ 股價每-10%就投入10%金額

4. 進退場機制: 長期投資


--
※ 發信站: 批踢踢實業坊(ptt.cc), 來自: 137.201.242.42 (美國)
※ 文章網址: https://www.ptt.cc/bbs/Stock/M.1706654472.A.F61.html
推 a1379       : 現股出掉改買call啊 拼一波大的 01/31 06:46
推 small91051  : AI變BI 01/31 06:48
推 poisonB     : 歐印最強的MSFT NVDA 01/31 06:53
推 iamten      : 股票一句話    無 腦 多!! 01/31 07:00
推 hcwang1126  : TQQQ買下去 01/31 07:04
推 wl00553953  : 跌十趴才接你等得到？ 01/31 07:09
推 Hbodo       : 笑死AMD是不是每次財報完都崩 01/31 07:10
推 EddieJeremy : A九零說年底300 01/31 07:11
推 darlost     : AMD 每次財報都這樣呀 被看沒有 還不是來到160惹 01/31 07:15
→ darlost     :  蘇媽yes 01/31 07:15
噓 JessVeron   : 到時候用吹的股票就會漲了  你看不起AI嗎？ 01/31 07:17
→ yoshilin    : AI不管會不會是下一個VR下一個元宇宙先炒先贏 01/31 07:22
推 JackChung   : 幹好忙@@ 01/31 07:26
推 JerryLian   : 科技股-3%就崩？ 01/31 07:40
推 hzjtrjq     : 回檔就是買 01/31 07:43
推 okbon       : amd每次都先炒高 財報再跌 01/31 07:54
推 redbeanbread: 嚇甩磨 01/31 08:19
推 onewaylun   : 幹嘛不買NVDA MSFT 這個賺錢已確立的不買 01/31 08:19
推 windchimeqq : 記得你不是三倍空費半嗎?你SOXS買18塊賠爛了吧... 01/31 08:21
推 aimgel      : AI應用很廣 跟元宇宙、VR娛樂性質不同 01/31 08:25
推 f204137     : https://i.imgur.com/rRmwgy4.jpg 我只有1股呢 01/31 08:26
推 mamorui     : 谷歌：不准吹毛求疵 01/31 08:28
噓 a000000000  : 三葛月前喊2024 2b  現在3.5  再三葛月就喊5b惹 01/31 08:29
→ a000000000  : 尼自己算一下年底會變多少 01/31 08:30
→ a000000000  : 可以睡到七月底Q2財報看大趴體 01/31 08:30
推 darlost     : 教主yes 蘇媽yes 01/31 08:31
→ Alwen       : 老黃今年都有可能120-130B惹，蘇媽5B完全有可能吧 01/31 08:40
推 woofwoof009 : Goog 真的無情開跌耶 mega7裡面估值相對便宜的 每 01/31 08:43
→ woofwoof009 : 次都財爆 01/31 08:43
推 loat        : google市值不是都快2T了? 01/31 08:48
推 waitrop     : GOOG 的問題不是在財報或是技術方面，而是管理階層 01/31 08:52
→ waitrop     : 惡搞在毀滅公司 01/31 08:52
推 strlen      : 谷狗就皮皮鬼在雷啊 01/31 09:08
→ orz811017   : 員工都要下崗去劈柴了...嗚嗚嗚 01/31 10:08
推 bagaalo     : 教主終於開示！ 01/31 10:20
→ cyshowen    : 現在營收都卡在記憶體御三家，HBM缺太大，有一家似 01/31 10:34
→ cyshowen    : 乎還要綑綁先進製程一起下線才要賣。 01/31 10:34
推 iPhoto      : 「廣告收入不符合預期」滿嚴重的欸，代表市場不敢 01/31 10:43
→ iPhoto      : 花錢在打廣告上 01/31 10:43
→ iPhoto      : 也代表各家公司對現有、未來經濟持保留態度，盡量 01/31 10:43
→ iPhoto      : 不花錢在不是刀口的「廣告花費」上 01/31 10:43
推 aria0520    : 歐印AMD 01/31 11:03
推 guppys2005  : 不要跟大選年對做好嗎 01/31 11:03
推 dxgini      : MSFT去年吹了一年 結果漲的比谷歌還少 笑死 01/31 11:18
推 plaay       : -10%就投入10%金額這樣有點慢 01/31 11:22
推 bagaalo     : Google之前股價烙賽成那樣 還好意思說嘴 笑死 01/31 11:22
→ bagaalo     : 微軟才是穩到沒話說 01/31 11:22
推 hwei9582905 : 財報開獎前炒本夢比，財報開獎後算本益比，然後下 01/31 11:49
→ hwei9582905 : 修，等待下次開獎，懂得就懂 01/31 11:49
噓 jatj        : https://i.imgur.com/bT9brQg.jpg 01/31 12:31
→ jatj        : https://i.imgur.com/f7TUC46.jpg 01/31 12:31
→ jatj        : 66.57%<53.75% 似乎不是唯一解 01/31 12:31
→ andylu1207  : 即使喊到7B 還要算是否能cover其他業務流失的金額 01/31 14:13
→ andylu1207  : . 01/31 14:13
噓 a000000000  : 尼看全年94智障  要看成長動能 01/31 14:17
→ a000000000  : Q1只有400M+  頂多600M的狀態尼全年要怎摸走走到7b 01/31 14:18
→ a000000000  : Q1 0.6b 全年5b  如果線性增長那Q4要2.2b 01/31 14:19
推 dxgini      : 2023 MSFT就漲比較少啊 有問題嗎? 01/31 22:29
→ dxgini      : https://i.imgur.com/krw9Pas.jpg 01/31 22:29
→ andylu1207  : AMD 維持增長動能 今年年底喊明年才有可能7B以上.. 02/01 15:56
→ andylu1207  : . 02/01 15:56
推 cyshowen    : https://bit.ly/3SGT8Jv 教主果然領先Citi 分析師 02/02 09:36
→ cyshowen    : 預估。2024 5B 明年8B 02/02 09:36
",Wed Jan 31 06:41:10 2024,63,4,34,30,25,標的
3114,[標的] 3114.TW 好德 好德多,M.1706656495.A.A85,https://www.ptt.cc/bbs/Stock/M.1706656495.A.A85.html,GrexJosh,"作者GrexJosh (德川家康)看板Stock標題[標的] 3114.TW 好德 好德多時間Wed Jan 31 07:14:52 2024
1. 標的：3114.TW 好德

2. 分類：多

3. 分析/正文：

讓我們迎接2024這個屬於好德的新年

技術面：昨天大漲，有機會吃掉前面的大綠棒
同時以月線來看，股價尚在低點

基本面：爛到流湯，除了12月，很多個月都年減
正所謂越爛越噴

4. 進退場機制：

55.8停利
如果5/20前沒達標果斷出清

--
※ 發信站: 批踢踢實業坊(ptt.cc), 來自: 1.163.91.211 (臺灣)
※ 文章網址: https://www.ptt.cc/bbs/Stock/M.1706656495.A.A85.html
推 A816        : 好的 01/31 07:16
噓 qazsedcft   : 單呢 01/31 07:17
→ oplk        : 好der 01/31 07:20
推 Workforme   : 好的 多 01/31 07:21
推 chewthelife8: 好der 01/31 07:25
推 Marginal    : 好der 01/31 07:26
推 hirorei     : 好的 01/31 07:27
推 jeff79723   : 好der 01/31 07:34
推 westmoney   : 好der 01/31 07:40
推 fdkevin     : 好der 01/31 07:41
推 xlaws       : 好的 01/31 07:47
推 fmp1234     : 好der 01/31 08:09
→ blue1204    : ok的 01/31 08:12
→ imlucky     : 之前玩過 不是很好玩 01/31 08:15
→ ledmstony   : 好der 01/31 08:19
噓 Danzheng    : 好Der 你的單呢 01/31 08:21
推 billy56     : 好der 01/31 08:24
噓 tony870414  : 好der 但你der單呢？ 01/31 08:25
噓 torrestam   : 不好 01/31 08:31
推 monkeyaaaaa : 好der 選對的股 01/31 08:49
推 tien22      : 同樣名字有趣 湧德基本面都比這支好 01/31 08:50
推 ohlong      : 好der 多 01/31 08:50
→ b0364864    : 好的 01/31 08:51
推 jeff22aa22  : 好der 01/31 08:51
推 reese0326   : How der 01/31 08:54
推 werty5445   : 開低走高，今天不會有人做錯邊吧 01/31 08:54
噓 lanlanlu5566: 好der 沒單都當做喊抬轎的 01/31 08:57
推 cindycincia : 寧願買牧德 01/31 08:59
推 forbefor    : http://i.imgur.com/SbiUkyU.jpg 01/31 09:02
推 jay0055846  : 好see 01/31 09:32
推 hihi29      : 好der 01/31 09:33
推 bbcer       : 好der 01/31 09:34
推 ben192726   : 好die 01/31 10:51
推 kenji0729   : 好ㄉ 01/31 11:05
→ snsdakb48   : 好der 01/31 12:29
推 kji590929   : 好der 01/31 12:42
推 jay465285   : 好ㄉ 01/31 12:49
→ m13579      : 你上篇順藥還好是看空而已... 01/31 13:21
在多頭真的做空 不是高手 就是天才吧
推 CheesePotato: 救救台林 01/31 14:39
推 Tossdog     : 好Dee 01/31 15:28
※ 編輯: GrexJosh (1.163.91.211 臺灣), 02/02/2024 10:48:11
",Wed Jan 31 07:14:52 2024,40,5,28,23,7,標的
0,[標的] 皮衣概念股 TKO.US,M.1706678758.A.AD2,https://www.ptt.cc/bbs/Stock/M.1706678758.A.AD2.html,chopinmozart,"作者chopinmozart (aha)看板Stock標題[標的] 皮衣概念股 TKO.US時間Wed Jan 31 13:25:56 2024

1. 標的： TKO     (例 2330.TW 台積電)

2. 分類：多

3. 分析/正文：

巨石強森的公司 TKO

https://youtu.be/8_gr374m7QY?t=71

公司在做什麼不是很清楚

但很明顯可以看到皮衣加持

4. 進退場機制：(非長期投資者，必須有停損機制。討論、心得類免填)

進100股長期持有

--
※ 發信站: 批踢踢實業坊(ptt.cc), 來自: 123.194.177.22 (臺灣)
※ 文章網址: https://www.ptt.cc/bbs/Stock/M.1706678758.A.AD2.html
推 soapmactony : 老黃概念股 01/31 13:28
噓 tttt0204    : 廢文增加了，穩穩的 01/31 13:36
推 a6976933    : 這是UFC+WWE吧 幹架概念股才對 01/31 14:33
",Wed Jan 31 13:25:56 2024,3,1,2,1,0,標的
6239,[標的] 6239力成-董仔興奮多,M.1706623149.A.1A1,https://www.ptt.cc/bbs/Stock/M.1706623149.A.1A1.html,owen810829,"作者owen810829 (owen)看板Stock標題[標的] 6239力成-董仔興奮多時間Tue Jan 30 21:59:07 2024

1. 標的：6239.TW 力成

2. 分類：多

3. 分析/正文：

力成也是近期績優股變飆股的代表作之一, 除了各種大型高息ETF加持

搭上HBM的題材就是噴出去

如圖所示:0056 / 00929 /00919 /00713光是這幾檔就持有有夠多

https://imgur.com/5JnkyRA.jpg


籌碼面上:
除了各大ETF,近60天外資/大戶也收了一堆股票, 籌碼面穩定

逢領年終和紅包時期,不排除更多人投入高股息ETF懷抱,ETF永動機加持


技術面上:
日K短期強力突破後,碗公型態回檔目前挑戰前高

MACD正向,KD來到高檔,若出量符合強勢股短期動能型態

周K / 月K 也都呈現強多頭走勢

月K拉出來 07年前高170有氣勢要去碰一下



接著來講講今天法說會我的看法:

一些基本面的數字各大報都有寫的詳細的我這邊就不再重複

HBM 實際能有明顯營收放量應該落在2025 Q1

我自己感到有興趣的點大概是:

董事長對於看到新的機會感到興奮,

投資人叫得出名子的大廠也開始積極接觸

對於目前新的技術領先地位很有信心



基於以上理由配合強勢的技術型態我認為雖然本益比目前相對高

但題材是法人愛的,型態是強勢的,籌碼是有ETF顧的

就來看一下能不能去過07年的170前高


上個單

https://imgur.com/NN4yQLl.jpg


4. 進退場機制：(非長期投資者，必須有停損機制。討論、心得類免填)

本次算事件前後的股期短線交易,嚴守停損
若打到停損後會再擇時機用現股低接月季線布局

進場:已進場
停損:明天跳空開低或者跌破五日線
停利:170前高附近找時機放口袋或者明顯失去動能時停利

是否抱過年:沒碰停損或特殊情況就抱

--
※ 發信站: 批踢踢實業坊(ptt.cc), 來自: 114.41.160.113 (臺灣)
※ 文章網址: https://www.ptt.cc/bbs/Stock/M.1706623149.A.1A1.html
※ 編輯: owen810829 (114.41.160.113 臺灣), 01/30/2024 22:04:22
推 shain3      : 本來手握148t,看尾盤收綠會怕就出掉了 01/30 22:04
推 f29159993   : 長期持股被點名了，基本上這檔真的要長抱，今天法 01/30 22:05
→ f29159993   : 說有講股利比照去年，算是相當有誠意 01/30 22:05
→ f29159993   :  https://i.imgur.com/nF8mz17.jpg 01/30 22:05
推 KSUGOD      : 120不買.. 01/30 22:07
推 ppuuppu     : 股東笑呵呵 員工哭慘慘 01/30 22:10
推 kkevil      : 145已進 明天可以賞我飯吃嗎 01/30 22:10
→ owen810829  : 若短期股期被洗掉我部分波段資金也會找支撐接現股! 01/30 22:11
推 sdf0419     : 悔恨當初沒有用力加碼，只有一張，捏緊了！ 01/30 22:14
推 SOPHIEHUNG  : 被點名了… 01/30 22:17
→ talentsu    : 前年93.6元買10張，最近調節5張出去，剩5張續抱 01/30 22:19
推 yuffie      : 148出掉了，通常在下賣了都會噴……（遠目 01/30 22:30
推 win8719     : 等下來再接 01/30 22:33
→ win8719     : 以前很穩的一支股 01/30 22:34
推 fernmmm     : 力成HBM是找誰合作阿？ 01/30 23:10
推 ct0806449   : 韓國大廠吧 01/30 23:59
推 OhMyHair    : 才剛用觀察股，就被點了 01/31 00:10
→ TsmcEE      : 140剛入手，看好破170 01/31 00:41
推 wowok       : 他有hbm? 幫美光代工封裝？ 01/31 00:45
推 lightwang   : 原則上配7塊快5% 還是ETF會收的範圍 01/31 08:12
推 gmlush      : ㄏㄏ員工笑而不語 繼續畫餅沒關係 01/31 09:27
推 yeng1217    : 恩惠性給予 嘻嘻 01/31 09:31
→ pig999as    : 開盤直接停損了QQ 01/31 09:46
→ zatti       : 原波，請問你還看好力成嗎？我猶豫不決 01/31 09:52
推 EDhsiao     : 昨天發文今天一早就要吃損，乖離率這麼大進場太危 01/31 09:55
→ EDhsiao     : 險了 01/31 09:55
推 kkevil      : 我開盤也直接停損了 01/31 10:03
→ owen810829  : 盤前期貨開低小損就跑了  後續等月季線接現股! 01/31 10:05
推 ws870325    : hbm是鎧俠吧看新聞說日系那也只有鎧俠了 01/31 10:06
→ secret1043  : 停損慘.. 01/31 11:27
→ owen810829  : 操作就這樣囉,力成小賠但亞翔補回 還是夠生活滴! 01/31 11:31
噓 tranquilest : 存股好標的100以下不買追高才在跳空停損笑死 01/31 11:38
→ owen810829  : 就不同策略囉 我有說過這是股期的短線了! 01/31 11:47
推 tmtm39      : 這隻長抱真的賺，低點可以加碼。標準對股東好對員工 01/31 12:14
→ tmtm39      : 摳的公司聽說尾牙都沒了 01/31 12:14
推 warlocks    : 早盤掉下來小沖2張 +4252 舒服 01/31 12:44
→ chechao     : 感覺有拉尾盤 01/31 13:17
噓 porter0917  : 這就是太早起秋立馬陽痿的典範，經典的追高隔日賠 01/31 13:21
→ porter0917  : 嘻嘻 01/31 13:21
→ chechao     : 我覺得原po很好啊，沒必要噓 01/31 13:32
推 hbbk        : 虛的那個要不要檢討一下怎麼不存50塊的台積 01/31 16:51
噓 amongolu    : 老是對員工恩惠性給予，苦員工樂股東！ 01/31 19:43
",Tue Jan 30 21:59:07 2024,42,3,22,19,17,標的
1213,[標的] 1213大飲 小吃店看到多(附圖),M.1706623408.A.077,https://www.ptt.cc/bbs/Stock/M.1706623408.A.077.html,STAYEDUP,"作者STAYEDUP (letitgo)看板Stock標題[標的] 1213大飲 小吃店看到多(附圖)時間Tue Jan 30 22:03:26 2024
1. 標的：1213大飲

2. 分類：多

3. 分析/正文：
蘋果西打已經陸續回歸市場
現在桃園雙北小吃店都有看到
有圖為證
https://i.imgur.com/m3IUZyy.jpeg
https://i.imgur.com/xI8TIY7.jpeg
上面都是一月拍的
現在已經跌到歷史低點
再跌跌到下市也虧不了多少
一張七千元當作買樂透
拿去買兩千元刮刮樂也不過買三張
不如買大飲
只要穩定生產
預估今年會回到十元票面價值
潛在獲利最少30%
現在先上車再說
https://i.imgur.com/dFrpiqU.jpeg
如果跌到6字頭再加碼十張


4. 進退場機制：(非長期投資者，必須有停損機制。討論、心得類免填)
不停損，十元以上陸續出

--
※ 發信站: 批踢踢實業坊(ptt.cc), 來自: 223.140.153.87 (臺灣)
※ 文章網址: https://www.ptt.cc/bbs/Stock/M.1706623408.A.077.html
推 ep301177    : 推 01/30 22:04
推 ClaudeCC    : 你會贏 01/30 22:05
推 jinx5566    : 套著配也舒服 01/30 22:07
推 F93935      : 這檔沒配過吧= = 01/30 22:08
推 Voony       : 一直虧錢淨值也在5塊以下卻期待上票面價值？ 01/30 22:08
推 au4au4j3fu4 : 人棄我取  贏定了 01/30 22:11
推 richer23    : 沒賺錢配什麼 汽水喔？ 01/30 22:11
→ Detonate    : 你是不是看到跳票很慌 01/30 22:12
→ Detonate    : ㄧ買就吃屎是不是很氣 01/30 22:12
→ kajika      : 7塊已經是大家都認為遲早正常運作價了吧？ 01/30 22:14
推 autoexecbat : 這檔能券賣嗎? 01/30 22:14
推 PitzMan     : 放著配都舒服~~~是這樣用的嗎@@ 01/30 22:17
→ PitzMan     : 淨值10元以上才有信用交易... 01/30 22:18
→ yasorcerer  : 住家附近還沒看到 01/30 22:22
推 redpig884   : 剛買就套和新聞 很慌 01/30 22:23
→ Kenhon      : 別怕 越爛越噴 cc 01/30 22:25
噓 sdf0419     : DJ小慌 01/30 22:27
推 qwe78971    : 產線問題先改善再說 01/30 22:27
推 Ensidia     : 我覺得這間公司不是產品問題 是高層有問題.... 01/30 22:28
→ Ensidia     : 他不是沒可能倒閉 不是因為東西賣不出去 01/30 22:28
推 joe0934     : 佩服，有單推 01/30 22:28
→ Ensidia     : 因為公司被高層搞爆了 01/30 22:28
→ Ensidia     : 有個不想好好經營公司的高層實在說不上穩妥 01/30 22:29
噓 itmyshit    : 你加油 01/30 22:30
推 bbignose    : 7萬拿去買00733不香嗎? 01/30 22:35
→ tinybunny   : 會配汽水嗎?好需要 01/30 22:41
→ BruceChen227: 配汽水我就買 太讚了 01/30 22:42
推 BroDians    : 不要浪費錢 01/30 22:43
推 yufat       : 要確欸 01/30 22:44
推 f204137     : 大飲不會配息 套著配? 01/30 22:45
推 qazsedcft   : 配汽水感覺不錯 新型態的嘉南羊乳(?) 01/30 22:46
推 fastsheep   : 你會.....贏？？？ 01/30 22:46
→ iansuture   : 喝呵 01/30 22:50
→ xlaws       : 配一箱蘋果西打也不錯 01/30 22:52
推 avcds1111   : 這檔很有機會變壁紙.. 01/30 22:53
推 rickyhoney  : 拿去美債還有股息... 01/30 22:56
推 misosiru    : 70萬隨便抓個路人都拿得出來 上市公司拿不出來?... 01/30 23:01
推 Madridtop   : 我寧願去吃到飽 01/30 23:01
→ Kenhon      : 配汽水喝到飽 cc 01/30 23:05
→ FlynnZhang  : 有自救會嗎 01/30 23:07
→ samwang7027 : 你會贏 恐懼你貪婪 01/30 23:29
推 changmary   : 廠商誤軋78萬的票 公司補不出來跳票也很怪 01/30 23:34
推 madhate     : 有單有尊重！ 01/30 23:37
推 abc1232579  : 想做壞壞的事 01/30 23:38
推 obey1110    : 有倒掉風險即使買少量也是錢!有更安全選擇 01/30 23:40
推 Kouson      : 明天一定有人下單不成功 發現是拳交股 就算了不買了 01/30 23:42
推 dkx         : 配汽水還不買爆 01/31 00:08
推 icespring   : 配汽水 01/31 00:31
→ invidia     : 股東會紀念品發什麼 01/31 01:01
推 reyes1989   : 有單給尊重 01/31 02:45
→ guanting886 : 這種公司最後的價值就是剩下他是上市 01/31 02:46
推 CHENYOREN   : 可是這間好多年沒賺錢了 01/31 03:16
推 A816        : 你會輸 01/31 05:22
噓 sa87a16     : 這種管理方式，如果下市我不意外 01/31 06:39
→ sa87a16     : 沈澱物能搞出包好幾次，倒閉剛好 01/31 06:40
噓 hcwang1126  : 不如買中國正2 01/31 07:01
推 dwood123    : 認識一個朋友專撿這種10元以下股票去賭翻身 01/31 07:11
→ fmp1234     : 倒了一罐。好喝 01/31 08:17
→ piece1      : 十年大底...又重新回歸人妻我取不買嗎 01/31 08:20
推 s56565566123: 酸酸越多勝率越高 這裡反指標 01/31 08:30
→ nicejeffery : 怕倒閉 01/31 08:42
→ ChungLi5566 : 金流有問題了還進去 01/31 08:44
推 touchbird   : 一年配一箱蘋果西打 01/31 09:29
推 amigowei    : 今年股東會贈品不知道送啥 01/31 10:16
推 AM903651    : 產品本身ok但公司經營財務有問題 這應該會有集團有 01/31 10:21
→ AM903651    : 興趣接手 01/31 10:21
→ AM903651    : 現在處置中應該沒量 量增我應該也會抄個幾張吧 01/31 10:22
推 amuma       : 有單酸蛙是在哭爸什麼 01/31 10:33
推 klpou       : 勇 01/31 10:52
→ klpou       : 話說台股會有外資想借殼上市嗎？ 01/31 10:53
推 guanting886 : 當公司財務經營有問題先去看他的歷史再來決定要不 01/31 10:53
→ guanting886 : 要接才是實際 不用幫大股東解套 01/31 10:53
→ guanting886 : 現在大股東還是旭順 照之前孫總虛構採購原料的歷史 01/31 10:55
→ guanting886 : 跟複雜的股權結構 還有過去失控的內控都告訴你這檔 01/31 10:55
→ guanting886 : 股票操作難度太高了 台股又不是只有這個標的可以賭 01/31 10:55
→ guanting886 : 就算蘋果西打再怎麼懷念 他出包可不是出包一次 01/31 10:57
→ k220647252  : 配汽水笑死 01/31 12:04
推 chuchangyung: 原po價值投資 01/31 12:32
推 gdsword     : 股利配一手蘋果西打吧 01/31 12:37
噓 MIKE44      : 你會吟 01/31 17:34
→ poco0960    : 買來當樂透，反正蘋果西打一定有人會接 01/31 20:12
",Tue Jan 30 22:03:26 2024,81,5,43,38,33,標的
